timestamp,d3_pos,d3_real
0.015983104705810547,0.39,0.3448178478821
0.032024383544921875,0.39,0.3448178478821
0.04798316955566406,0.39,0.3448178478821
0.06396865844726562,0.39,0.3448178478821
0.0799856185913086,0.39,0.3448178478821
0.09600329399108887,0.39,0.3448178478821
0.11214160919189453,0.39,0.3448178478821
0.1279923915863037,0.39,0.3448178478821
0.14397025108337402,0.39,0.3448178478821
0.16002893447875977,0.39,0.3448178478821
0.1759800910949707,0.39,0.3448178478821
0.19199800491333008,0.39,0.3448178478821
0.20801973342895508,0.39,0.3448178478821
0.22400331497192383,0.39,0.3448178478821
0.2400052547454834,0.39,0.3448178478821
0.2560098171234131,0.39,0.3448178478821
0.27201128005981445,0.39,0.3448178478821
0.28804469108581543,0.39,0.3448178478821
0.3040013313293457,0.39,0.3448178478821
0.3200805187225342,0.39,0.3448178478821
0.33598852157592773,0.39,0.3448178478821
0.352031946182251,0.39,0.3448178478821
0.3680734634399414,0.39,0.3448178478821
0.384066104888916,0.39,0.3448178478821
0.3999826908111572,0.39,0.3448178478821
0.41599512100219727,0.39,0.3448178478821
0.4320106506347656,0.39,0.3448178478821
0.44798994064331055,0.39,0.3448178478821
0.4639780521392822,0.39,0.3448178478821
0.48004794120788574,0.39,0.3448178478821
0.4959864616394043,0.39,0.3448178478821
0.5119681358337402,0.39,0.3448178478821
0.5279850959777832,0.39,0.3448178478821
0.5439918041229248,0.39,0.3448178478821
0.5599503517150879,0.39,0.3448178478821
0.5760014057159424,0.39,0.3448178478821
0.5919954776763916,0.39,0.3448178478821
0.6079556941986084,0.39,0.3448178478821
0.6239616870880127,0.39,0.3448178478821
0.6400539875030518,0.39,0.3448178478821
0.6559710502624512,0.39,0.3448178478821
0.6719908714294434,0.39,0.3448178478821
0.6879873275756836,0.39,0.3448178478821
0.7040278911590576,0.39,0.3448178478821
0.7199556827545166,0.39,0.3448178478821
0.7360761165618896,0.39,0.3448178478821
0.7519798278808594,0.39,0.3448178478821
0.7679500579833984,0.39,0.3448178478821
0.7839913368225098,0.39,0.3448178478821
0.8000433444976807,0.39,0.3448178478821
0.8159747123718262,0.39,0.3448178478821
0.8320255279541016,0.39,0.3448178478821
0.8479900360107422,0.39,0.3448178478821
0.8639369010925293,0.39,0.3448178478821
0.8799822330474854,0.39,0.3448178478821
0.896033525466919,0.39,0.3448178478821
0.9120509624481201,0.39,0.3448178478821
0.9279406070709229,0.39,0.3448178478821
0.9439809322357178,0.39,0.3448178478821
0.9599864482879639,0.39,0.3448178478821
0.9761214256286621,0.39,0.3448178478821
0.9920258522033691,0.39,0.3448178478821
1.0079174041748047,0.39,0.3448178478821
1.0239412784576416,0.39,0.3448178478821
1.0400068759918213,0.39,0.3448178478821
1.056013584136963,0.39,0.3448178478821
1.0719375610351562,0.39,0.3448178478821
1.0879662036895752,0.39,0.3448178478821
1.104011058807373,0.39,0.3448178478821
1.1199185848236084,0.39,0.3448178478821
1.1359829902648926,0.39,0.3448178478821
1.1520440578460693,0.39,0.3448178478821
1.1680035591125488,0.39,0.3448178478821
1.1840476989746094,0.389947348439875,0.3448599691302
1.1999869346618652,0.389989469687975,0.3448178478821
1.2159807682037354,0.389989469687975,0.3448178478821
1.2319588661193848,0.389989469687975,0.3448178478821
1.2482519149780273,0.389989469687975,0.3448178478821
1.2640364170074463,0.389989469687975,0.3448178478821
1.2799365520477295,0.389989469687975,0.3448178478821
1.2960734367370605,0.389989469687975,0.3448178478821
1.3120484352111816,0.38993681812784997,0.3448599691302
1.3279340267181396,0.38997893937594996,0.3448178478821
1.3439931869506836,0.389989469687975,0.3448178478821
1.3599634170532227,0.389989469687975,0.3448178478821
1.3759450912475586,0.389989469687975,0.3448178478821
1.3919165134429932,0.389989469687975,0.3448178478821
1.4079740047454834,0.389989469687975,0.3448178478821
1.4238946437835693,0.389989469687975,0.3448178478821
1.4399378299713135,0.389989469687975,0.3448178478821
1.4560279846191406,0.389989469687975,0.3448178478821
1.4720239639282227,0.39,0.3448178478821
1.4880363941192627,0.39,0.3448178478821
1.503993272781372,0.39,0.3448178478821
1.5199649333953857,0.39,0.3448178478821
1.5359079837799072,0.39,0.3448178478821
1.5520987510681152,0.39,0.3448178478821
1.5679450035095215,0.39,0.3448178478821
1.5838959217071533,0.39,0.3448178478821
1.5999672412872314,0.39,0.3448178478821
1.6159448623657227,0.39,0.3448178478821
1.6318905353546143,0.39,0.3448178478821
1.647963523864746,0.39,0.3448178478821
1.663968563079834,0.39,0.3448178478821
1.6799280643463135,0.39,0.3448178478821
1.696028709411621,0.39,0.3448178478821
1.711972951889038,0.39,0.3448178478821
1.72794508934021,0.39,0.3448178478821
1.7440743446350098,0.39,0.3448178478821
1.7599761486053467,0.39,0.3448178478821
1.7759640216827393,0.39,0.3448178478821
1.791952133178711,0.39,0.3448178478821
1.8079428672790527,0.39,0.3448178478821
1.8239836692810059,0.39,0.3448178478821
1.8399286270141602,0.39,0.3448178478821
1.8559436798095703,0.39,0.3448178478821
1.8719875812530518,0.39,0.3448178478821
1.8879342079162598,0.39,0.3448178478821
1.9039440155029297,0.39,0.3448178478821
1.9200351238250732,0.39,0.3448178478821
1.9359421730041504,0.39,0.3448178478821
1.9519603252410889,0.39,0.3448178478821
1.9679458141326904,0.39,0.3448178478821
1.9839298725128174,0.39,0.3448178478821
1.9999306201934814,0.39,0.3448178478821
2.0159335136413574,0.39,0.3448178478821
2.031925916671753,0.39,0.3448178478821
2.047919750213623,0.39,0.3448178478821
2.0639584064483643,0.39,0.3448178478821
2.079951286315918,0.39,0.3448178478821
2.095960855484009,0.39,0.3448178478821
2.1119885444641113,0.39,0.3448178478821
2.1279690265655518,0.39,0.3448178478821
2.1439592838287354,0.39,0.3448178478821
2.159963607788086,0.39,0.3448178478821
2.1759748458862305,0.39,0.3448178478821
2.1919524669647217,0.39,0.3448178478821
2.2079739570617676,0.39,0.3448178478821
2.223940849304199,0.39,0.3448178478821
2.2399580478668213,0.389947348439875,0.3448599691302
2.255934476852417,0.389989469687975,0.3448178478821
2.2719364166259766,0.389989469687975,0.3448178478821
2.287970781326294,0.389989469687975,0.3448178478821
2.30395245552063,0.389989469687975,0.3448178478821
2.3199119567871094,0.389989469687975,0.3448178478821
2.3359456062316895,0.389989469687975,0.3448178478821
2.3519461154937744,0.389989469687975,0.3448178478821
2.367913246154785,0.389989469687975,0.3448178478821
2.3839237689971924,0.389989469687975,0.3448178478821
2.3999271392822266,0.39,0.3448178478821
2.415935754776001,0.39,0.3448178478821
2.4319522380828857,0.389947348439875,0.3448599691302
2.447909355163574,0.389989469687975,0.3448178478821
2.4639105796813965,0.38993681812784997,0.3448599691302
2.479938268661499,0.38997893937594996,0.3448178478821
2.495926856994629,0.38997893937594996,0.3448178478821
2.5119056701660156,0.38997893937594996,0.3448178478821
2.5280039310455322,0.38997893937594996,0.3448178478821
2.543989658355713,0.38992628781582495,0.3448599691302
2.5599002838134766,0.38996840906392494,0.3448178478821
2.5759010314941406,0.38996840906392494,0.3448178478821
2.5919275283813477,0.38997893937594996,0.3448178478821
2.607923984527588,0.38997893937594996,0.3448178478821
2.62392520904541,0.389989469687975,0.3448178478821
2.6399788856506348,0.389989469687975,0.3448178478821
2.6559195518493652,0.389989469687975,0.3448178478821
2.6719236373901367,0.389989469687975,0.3448178478821
2.687936544418335,0.389989469687975,0.3448178478821
2.703916072845459,0.39,0.3448178478821
2.7198944091796875,0.39,0.3448178478821
2.735924005508423,0.39,0.3448178478821
2.7519290447235107,0.39,0.3448178478821
2.7678914070129395,0.39,0.3448178478821
2.7839114665985107,0.389947348439875,0.3448599691302
2.7999258041381836,0.389989469687975,0.3448178478821
2.815943956375122,0.389989469687975,0.3448178478821
2.8318912982940674,0.389989469687975,0.3448178478821
2.8479201793670654,0.389989469687975,0.3448178478821
2.8639118671417236,0.389989469687975,0.3448178478821
2.8798885345458984,0.389989469687975,0.3448178478821
2.8959577083587646,0.389989469687975,0.3448178478821
2.9119157791137695,0.389989469687975,0.3448178478821
2.927903413772583,0.389989469687975,0.3448178478821
2.943892002105713,0.39,0.3448178478821
2.959886074066162,0.39,0.3448178478821
2.9758684635162354,0.39,0.3448178478821
2.9918885231018066,0.39,0.3448178478821
3.0078821182250977,0.39,0.3448178478821
3.0238749980926514,0.39,0.3448178478821
3.039912223815918,0.39,0.3448178478821
3.056020498275757,0.39,0.3448178478821
3.0718610286712646,0.39,0.3448178478821
3.0878796577453613,0.39,0.3448178478821
3.1039061546325684,0.39,0.3448178478821
3.119865894317627,0.39,0.3448178478821
3.1358799934387207,0.39,0.3448178478821
3.151893138885498,0.39,0.3448178478821
3.1678988933563232,0.39,0.3448178478821
3.1838996410369873,0.39,0.3448178478821
3.199897527694702,0.39,0.3448178478821
3.21589732170105,0.39,0.3448178478821
3.2318973541259766,0.39,0.3448178478821
3.2478692531585693,0.39,0.3448178478821
3.2639052867889404,0.39,0.3448178478821
3.27990460395813,0.39,0.3448178478821
3.295896053314209,0.39,0.3448178478821
3.3119325637817383,0.39,0.3448178478821
3.3279080390930176,0.39,0.3448178478821
3.3438570499420166,0.39,0.3448178478821
3.3598897457122803,0.39,0.3448178478821
3.375859498977661,0.39,0.3448178478821
3.391883611679077,0.39,0.3448178478821
3.4078831672668457,0.39,0.3448178478821
3.423877716064453,0.39,0.3448178478821
3.4398739337921143,0.39,0.3448178478821
3.4559013843536377,0.39,0.3448178478821
3.4718546867370605,0.39,0.3448178478821
3.4878439903259277,0.39,0.3448178478821
3.503894567489624,0.39,0.3448178478821
3.519880533218384,0.389947348439875,0.3448599691302
3.535853385925293,0.389989469687975,0.3448178478821
3.5518646240234375,0.389989469687975,0.3448178478821
3.5679380893707275,0.389989469687975,0.3448178478821
3.5838513374328613,0.389989469687975,0.3448178478821
3.5998666286468506,0.389989469687975,0.3448178478821
3.6158604621887207,0.389989469687975,0.3448178478821
3.6318726539611816,0.389989469687975,0.3448178478821
3.6478703022003174,0.389989469687975,0.3448178478821
3.6638755798339844,0.389989469687975,0.3448178478821
3.6798481941223145,0.39,0.3448178478821
3.695875883102417,0.39,0.3448178478821
3.7118945121765137,0.39,0.3448178478821
3.7278759479522705,0.39,0.3448178478821
3.743881940841675,0.39,0.3448178478821
3.759855031967163,0.39,0.3448178478821
3.775888442993164,0.389947348439875,0.3448599691302
3.7918765544891357,0.389989469687975,0.3448178478821
3.8078856468200684,0.389989469687975,0.3448178478821
3.8238697052001953,0.389989469687975,0.3448178478821
3.839853048324585,0.389989469687975,0.3448178478821
3.8558433055877686,0.389989469687975,0.3448178478821
3.8718490600585938,0.389989469687975,0.3448178478821
3.8878581523895264,0.389989469687975,0.3448178478821
3.9038612842559814,0.38993681812784997,0.3448599691302
3.919868230819702,0.38997893937594996,0.3448178478821
3.9358363151550293,0.389989469687975,0.3448178478821
3.9518792629241943,0.389989469687975,0.3448178478821
3.9678332805633545,0.389989469687975,0.3448178478821
3.9838569164276123,0.389989469687975,0.3448178478821
3.999850273132324,0.389989469687975,0.3448178478821
4.015826463699341,0.389989469687975,0.3448178478821
4.0318357944488525,0.389989469687975,0.3448178478821
4.048083305358887,0.389989469687975,0.3448178478821
4.063821792602539,0.39,0.3448178478821
4.079882621765137,0.39,0.3448178478821
4.09584379196167,0.39,0.3448178478821
4.111839294433594,0.39,0.3448178478821
4.127847909927368,0.39,0.3448178478821
4.143842935562134,0.39,0.3448178478821
4.159819841384888,0.39,0.3448178478821
4.175824403762817,0.39,0.3448178478821
4.191845893859863,0.39,0.3448178478821
4.207869291305542,0.39,0.3448178478821
4.223838567733765,0.39,0.3448178478821
4.239846229553223,0.39,0.3448178478821
4.255841255187988,0.39,0.3448178478821
4.271812677383423,0.39,0.3448178478821
4.287842273712158,0.39,0.3448178478821
4.303837776184082,0.39,0.3448178478821
4.319804430007935,0.39,0.3448178478821
4.335812330245972,0.39,0.3448178478821
4.351799011230469,0.39,0.3448178478821
4.367844581604004,0.39,0.3448178478821
4.383841276168823,0.39,0.3448178478821
4.39982533454895,0.39,0.3448178478821
4.415830850601196,0.39,0.3448178478821
4.4318153858184814,0.39,0.3448178478821
4.447841167449951,0.39,0.3448178478821
4.463828802108765,0.39,0.3448178478821
4.479830026626587,0.39,0.3448178478821
4.495834112167358,0.39,0.3448178478821
4.511817932128906,0.39,0.3448178478821
4.527798175811768,0.39,0.3448178478821
4.543827295303345,0.39,0.3448178478821
4.559829950332642,0.39,0.3448178478821
4.5758185386657715,0.39,0.3448178478821
4.591806411743164,0.39,0.3448178478821
4.607824325561523,0.39,0.3448178478821
4.623802661895752,0.39,0.3448178478821
4.6398303508758545,0.39,0.3448178478821
4.655797719955444,0.39,0.3448178478821
4.671786308288574,0.39,0.3448178478821
4.687792062759399,0.389947348439875,0.3448599691302
4.70382833480835,0.389989469687975,0.3448178478821
4.719798803329468,0.389989469687975,0.3448178478821
4.735799312591553,0.389989469687975,0.3448178478821
4.751819610595703,0.389989469687975,0.3448178478821
4.767858028411865,0.389989469687975,0.3448178478821
4.783799648284912,0.389989469687975,0.3448178478821
4.799802303314209,0.389989469687975,0.3448178478821
4.815798997879028,0.389989469687975,0.3448178478821
4.831790447235107,0.389989469687975,0.3448178478821
4.847808361053467,0.39,0.3448178478821
4.863907098770142,0.39,0.3448178478821
4.8797407150268555,0.39,0.3448178478821
4.895760536193848,0.39,0.3448178478821
4.911939382553101,0.39,0.3448178478821
4.927713394165039,0.39,0.3448178478821
4.943740129470825,0.39,0.3448178478821
4.959842205047607,0.39,0.3448178478821
4.975716829299927,0.39,0.3448178478821
4.99173641204834,0.39,0.3448178478821
5.007806301116943,0.39,0.3448178478821
5.023773670196533,0.389947348439875,0.3448599691302
5.039798259735107,0.389989469687975,0.3448178478821
5.055856466293335,0.389989469687975,0.3448178478821
5.071794271469116,0.389989469687975,0.3448178478821
5.087713003158569,0.389989469687975,0.3448178478821
5.103782653808594,0.389989469687975,0.3448178478821
5.119818210601807,0.389989469687975,0.3448178478821
5.13577127456665,0.389989469687975,0.3448178478821
5.15175461769104,0.389989469687975,0.3448178478821
5.1678078174591064,0.389989469687975,0.3448178478821
5.183715343475342,0.39,0.3448178478821
5.199801445007324,0.39,0.3448178478821
5.215822696685791,0.39,0.3448178478821
5.231871128082275,0.39,0.3448178478821
5.247743129730225,0.39,0.3448178478821
5.263852119445801,0.39,0.3448178478821
5.279789447784424,0.39,0.3448178478821
5.295727968215942,0.39,0.3448178478821
5.311764240264893,0.39,0.3448178478821
5.327849864959717,0.39,0.3448178478821
5.343706369400024,0.389947348439875,0.3448599691302
5.359872579574585,0.389989469687975,0.3448178478821
5.375801086425781,0.389989469687975,0.3448178478821
5.391691207885742,0.389989469687975,0.3448178478821
5.4077770709991455,0.389989469687975,0.3448178478821
5.423774003982544,0.38993681812784997,0.3448599691302
5.439753770828247,0.38997893937594996,0.3448178478821
5.455687046051025,0.38997893937594996,0.3448178478821
5.471811771392822,0.38997893937594996,0.3448178478821
5.487803220748901,0.38997893937594996,0.3448178478821
5.50381064414978,0.389989469687975,0.3448178478821
5.519752025604248,0.389989469687975,0.3448178478821
5.53578519821167,0.389989469687975,0.3448178478821
5.551687002182007,0.389989469687975,0.3448178478821
5.567732334136963,0.389989469687975,0.3448178478821
5.583848476409912,0.39,0.3448178478821
5.599727392196655,0.39,0.3448178478821
5.615748405456543,0.39,0.3448178478821
5.631771802902222,0.39,0.3448178478821
5.647708892822266,0.39,0.3448178478821
5.663740873336792,0.39,0.3448178478821
5.679713726043701,0.39,0.3448178478821
5.69571852684021,0.39,0.3448178478821
5.711694955825806,0.39,0.3448178478821
5.7277586460113525,0.39,0.3448178478821
5.743771076202393,0.39,0.3448178478821
5.759811162948608,0.39,0.3448178478821
5.775764465332031,0.39,0.3448178478821
5.791779041290283,0.39,0.3448178478821
5.807688236236572,0.39,0.3448178478821
5.823745012283325,0.39,0.3448178478821
5.839765310287476,0.39,0.3448178478821
5.855695724487305,0.39,0.3448178478821
5.87178373336792,0.39,0.3448178478821
5.887723445892334,0.39,0.3448178478821
5.903669357299805,0.39,0.3448178478821
5.919785737991333,0.39,0.3448178478821
5.935743093490601,0.39,0.3448178478821
5.951730966567993,0.39,0.3448178478821
5.967673063278198,0.39,0.3448178478821
5.983728408813477,0.39,0.3448178478821
5.999726057052612,0.39,0.3448178478821
6.0156941413879395,0.39,0.3448178478821
6.031810760498047,0.39,0.3448178478821
6.047741889953613,0.389947348439875,0.3448599691302
6.0636584758758545,0.389989469687975,0.3448178478821
6.079866886138916,0.389989469687975,0.3448178478821
6.0957653522491455,0.389989469687975,0.3448178478821
6.111763000488281,0.389989469687975,0.3448178478821
6.127749919891357,0.389989469687975,0.3448178478821
6.14369535446167,0.389989469687975,0.3448178478821
6.159745216369629,0.389989469687975,0.3448178478821
6.175714492797852,0.389989469687975,0.3448178478821
6.191733121871948,0.389989469687975,0.3448178478821
6.207751989364624,0.39,0.3448178478821
6.223683834075928,0.39,0.3448178478821
6.239783048629761,0.39,0.3448178478821
6.255747556686401,0.39,0.3448178478821
6.271681547164917,0.39,0.3448178478821
6.287760257720947,0.39,0.3448178478821
6.303729057312012,0.39,0.3448178478821
6.319640636444092,0.39,0.3448178478821
6.335691928863525,0.39,0.3448178478821
6.351759433746338,0.39,0.3448178478821
6.367628812789917,0.39,0.3448178478821
6.383638381958008,0.39,0.3448178478821
6.399685859680176,0.39,0.3448178478821
6.4156389236450195,0.39,0.3448178478821
6.431644678115845,0.39,0.3448178478821
6.447695255279541,0.39,0.3448178478821
6.463690280914307,0.39,0.3448178478821
6.479645013809204,0.39,0.3448178478821
6.495736837387085,0.39,0.3448178478821
6.511677980422974,0.39,0.3448178478821
6.527640342712402,0.39,0.3448178478821
6.543737888336182,0.39,0.3448178478821
6.559746265411377,0.39,0.3448178478821
6.575643062591553,0.39,0.3448178478821
6.591630935668945,0.39,0.3448178478821
6.607716798782349,0.39,0.3448178478821
6.623677730560303,0.39,0.3448178478821
6.63974404335022,0.39,0.3448178478821
6.655738830566406,0.39,0.3448178478821
6.671732187271118,0.39,0.3448178478821
6.687726736068726,0.39,0.3448178478821
6.70368218421936,0.39,0.3448178478821
6.719764947891235,0.39,0.3448178478821
6.735655307769775,0.39,0.3448178478821
6.751691102981567,0.39,0.3448178478821
6.767733097076416,0.39,0.3448178478821
6.783647298812866,0.39,0.3448178478821
6.799672842025757,0.39,0.3448178478821
6.8157243728637695,0.39,0.3448178478821
6.83161187171936,0.39,0.3448178478821
6.847647428512573,0.39,0.3448178478821
6.8637306690216064,0.389947348439875,0.3448599691302
6.879726886749268,0.389989469687975,0.3448178478821
6.8956897258758545,0.38993681812784997,0.3448599691302
6.911759614944458,0.38997893937594996,0.3448178478821
6.927636384963989,0.38997893937594996,0.3448178478821
6.943659782409668,0.38997893937594996,0.3448178478821
6.959772348403931,0.38997893937594996,0.3448178478821
6.97572135925293,0.38997893937594996,0.3448178478821
6.991617918014526,0.38997893937594996,0.3448178478821
7.007723808288574,0.38997893937594996,0.3448178478821
7.023597002029419,0.389989469687975,0.3448178478821
7.039626359939575,0.389989469687975,0.3448178478821
7.055621862411499,0.39,0.3448178478821
7.071688890457153,0.39,0.3448178478821
7.087669372558594,0.39,0.3448178478821
7.1036131381988525,0.39,0.3448178478821
7.119666576385498,0.39,0.3448178478821
7.135890007019043,0.39,0.3448178478821
7.1516265869140625,0.39,0.3448178478821
7.167708396911621,0.39,0.3448178478821
7.18363356590271,0.39,0.3448178478821
7.199601411819458,0.39,0.3448178478821
7.215640068054199,0.39,0.3448178478821
7.231670618057251,0.39,0.3448178478821
7.247616767883301,0.39,0.3448178478821
7.263721942901611,0.39,0.3448178478821
7.279686689376831,0.39,0.3448178478821
7.295585870742798,0.39,0.3448178478821
7.311678171157837,0.39,0.3448178478821
7.327678918838501,0.39,0.3448178478821
7.343707323074341,0.39,0.3448178478821
7.359596490859985,0.39,0.3448178478821
7.375645160675049,0.39,0.3448178478821
7.391663074493408,0.39,0.3448178478821
7.407587289810181,0.39095193818660245,0.3448178478821
7.423656225204468,0.3920719057217812,0.3448599691302
7.439722537994385,0.39348281962230436,0.3448178478821
7.45560097694397,0.39502850661123934,0.3448178478821
7.471737861633301,0.39668583901880167,0.3448599691302
7.487636089324951,0.3985944262025325,0.3448178478821
7.503580570220947,0.4006111832655104,0.3448178478821
7.519599914550781,0.4017673254033649,0.345618151596
7.535661935806274,0.4021173874700509,0.3470081527833
7.551645994186401,0.4022814459081507,0.3483560327225
7.5675950050354,0.4025870862300572,0.3493248214288
7.583718538284302,0.40292159129612315,0.3500830038946
7.599673271179199,0.403153552033742,0.3507569438642
7.615585565567017,0.403204417432539,0.3514308838338
7.631679058074951,0.4034279158924829,0.3518099750667
7.64760684967041,0.4034591360373687,0.3522311875477
7.663570404052734,0.40340780021612627,0.3525681575325
7.679720401763916,0.4034628042289698,0.3528630062692
7.695680618286133,0.40387437515681057,0.3530314912616
7.711584806442261,0.4044971635967678,0.353199976254
7.727623224258423,0.405135886741256,0.3534527037426
7.743623495101929,0.40490592719682966,0.3537896737274
7.7595860958099365,0.4044727025248708,0.3542530074565
7.7756147384643555,0.4042795383859843,0.354463613697
7.791712045669556,0.40421396483934413,0.3545057349451
7.807687759399414,0.4041730126617184,0.3545057349451
7.823574066162109,0.4049530295208058,0.3545057349451
7.83967399597168,0.40585676364686685,0.3545057349451
7.8555707931518555,0.4066256435417941,0.3547163411856
7.871567726135254,0.4072356188791525,0.3551375536666
7.887728452682495,0.40787967399207686,0.3556008873957
7.903621435165405,0.40866764271412,0.3561063423729
7.919574022293091,0.4095038412435453,0.3567381610944
7.935675144195557,0.4104357317075331,0.3573699798159
7.95159912109375,0.41140974025763355,0.3580017985374
7.967561483383179,0.41218780943885164,0.3588021022513
7.983593940734863,0.41279351631947886,0.3596445272133
7.9995996952056885,0.41324720311747315,0.36044483092720003
8.015552282333374,0.41364434296290653,0.3611187708968
8.031620979309082,0.4137705447253241,0.3617927108664
8.047664880752563,0.4137345506389572,0.36229816584360003
8.063661336898804,0.4126445674953502,0.3628036208208
8.079557180404663,0.41167439342956064,0.3630984695575
8.09562087059021,0.4109769973415523,0.3630984695575
8.111582279205322,0.4102545008733846,0.3630984695575
8.127569913864136,0.40954811470930563,0.3630984695575
8.14368486404419,0.4088673428827602,0.3630984695575
8.159673929214478,0.40820823184562915,0.3630984695575
8.175567388534546,0.4074994192795763,0.3631405908056
8.191690683364868,0.4068614870459715,0.3631405908056
8.207612752914429,0.4062444812676927,0.3631405908056
8.22357988357544,0.4057066278078292,0.3631827120537
8.239596128463745,0.4053427815443405,0.3631405908056
8.255672216415405,0.40546898435631645,0.3627193783246
8.271562814712524,0.4057590995428565,0.3622560445955
8.28754711151123,0.40596054786091984,0.3619611958588
8.30359148979187,0.4060312222271042,0.3618348321145
8.319551467895508,0.40608693974579363,0.3617505896183
8.335684061050415,0.40607508819134036,0.3617505896183
8.351603031158447,0.4061220430091273,0.3617084683702
8.367575883865356,0.40613310503983324,0.3617084683702
8.383541107177734,0.4062135996462594,0.3616663471221
8.399643898010254,0.40624776702961474,0.3616663471221
8.415632486343384,0.406182957193329,0.3616663471221
8.431549072265625,0.40600857862202255,0.3616663471221
8.447664499282837,0.40576666989573684,0.3616663471221
8.463679313659668,0.4054992927840461,0.3616663471221
8.479542016983032,0.40532224937331957,0.3615821046259
8.495584964752197,0.40527769411604264,0.3614136196335
8.511595487594604,0.4051656173432997,0.3613293771373
8.527526378631592,0.40513340139983445,0.361203013393
8.543654441833496,0.4051284338222187,0.3610766496487
8.559656381607056,0.4051086031127389,0.36099240715250003
8.575590372085571,0.4050633695327759,0.3609502859044
8.591610431671143,0.40508749587357007,0.3608660434082
8.607600450515747,0.40508625771423,0.3608239221601
8.623628616333008,0.4050491278980608,0.3608239221601
8.639527320861816,0.4050498158204078,0.360781800912
8.6556236743927,0.4049725187068881,0.360781800912
8.671584129333496,0.40488037790414133,0.360781800912
8.687526941299438,0.4047628577930232,0.360781800912
8.703607559204102,0.40472524442343144,0.3606975584158
8.71958875656128,0.4046412129176564,0.3606554371677
8.735514879226685,0.4046160398026193,0.3605711946715
8.751526355743408,0.4054801122385116,0.3604869521753
8.767700672149658,0.40642894579134514,0.36044483092720003
8.783583164215088,0.4074567689860612,0.36044483092720003
8.80338454246521,0.4085922156476368,0.36044483092720003
8.831752300262451,0.4098376942593353,0.36044483092720003
8.84761118888855,0.4112046179520453,0.36044483092720003
8.863653659820557,0.41269455801527,0.36044483092720003
8.879713773727417,0.41428545720598786,0.36044483092720003
8.895543336868286,0.415348003360344,0.3609502859044
8.911594867706299,0.41564964909817825,0.362045438355
8.927508115768433,0.4160414182430102,0.3628457420689
8.94353699684143,0.41602591502811503,0.3638145307752
8.959615468978882,0.4160436174885989,0.364572713241
8.975645780563354,0.4163130733851494,0.364993925722
8.991488218307495,0.41654197234947665,0.3653730169549
9.007507801055908,0.41663418570612676,0.3657942294359
9.023667573928833,0.41689365910086335,0.3660048356764
9.039636373519897,0.41716140750852315,0.3661733206688
9.055516481399536,0.41741628103929174,0.3664260481574
9.071594715118408,0.41783613119668206,0.3667208968941
9.087572813034058,0.4184947313321274,0.3669315031346
9.103600025177002,0.4191921045006028,0.36726847311940003
9.119626760482788,0.4198966945388577,0.3676896856004
9.13554835319519,0.4206525867317988,0.3680687768333
9.151508331298828,0.42124950233177905,0.36857423181050003
9.167621850967407,0.42172468690038745,0.3691639292839
9.183611869812012,0.42220875168488203,0.3696693842611
9.199517250061035,0.42255980771332924,0.3702169604864
9.215553522109985,0.42278831370796494,0.3708066579598
9.231569528579712,0.4232027342432836,0.3711857491927
9.247546434402466,0.4235704362966034,0.3715648404256
9.2635178565979,0.42386915289650534,0.37198605290660003
9.279556512832642,0.4242122167437738,0.3723651441395
9.29556655883789,0.424492959429289,0.3727863566205
9.31165885925293,0.4248362838416526,0.3731654478534
9.327571153640747,0.42537645354880915,0.373418175342
9.343608617782593,0.42596579391240036,0.3736709028306
9.359565496444702,0.42640451837492677,0.3740921153116
9.375571727752686,0.42687265595154134,0.3745133277926
9.391527891159058,0.42651850625580834,0.3748924190255
9.407813787460327,0.426065160004423,0.3752715102584
9.423783779144287,0.4257872160875142,0.3754399952508
9.4396071434021,0.42562261337441637,0.3754821164989
9.455519676208496,0.42550939392473525,0.3754821164989
9.471484661102295,0.4253962124527784,0.3754821164989
9.487691879272461,0.4252529083648156,0.3754821164989
9.50353455543518,0.4250808410646016,0.3754821164989
9.519548892974854,0.4249233039433805,0.3754821164989
9.535647869110107,0.42478124413921975,0.3754821164989
9.55151653289795,0.424739699500376,0.3754821164989
9.567516803741455,0.4247987327766488,0.3754821164989
9.583622694015503,0.42490576541474223,0.3754821164989
9.599478721618652,0.42502924788475044,0.3754821164989
9.615475177764893,0.4251586711692513,0.3754821164989
9.631544351577759,0.4252940489748906,0.3754821164989
9.647613525390625,0.4254353950682246,0.3754821164989
9.663499116897583,0.4255827249505835,0.3754821164989
9.679570436477661,0.4257360557571158,0.3754821164989
9.69557785987854,0.42589540381926905,0.3754821164989
9.71154499053955,0.42606078461689234,0.3754821164989
9.727489471435547,0.42623220804053835,0.3754821164989
9.74355173110962,0.4264096784597538,0.3754821164989
9.759526491165161,0.4265931977306842,0.3754821164989
9.775503873825073,0.4265721607479159,0.37565060149130003
9.791545152664185,0.4265676008114785,0.3757769652356
9.807599306106567,0.4274401119642051,0.3758612077318
9.823545694351196,0.42839197088540754,0.375945450228
9.839544773101807,0.42921258547188923,0.3761981777166
9.855514764785767,0.4298071060512225,0.3766615114457
9.871494770050049,0.4303333627219054,0.3771669664229
9.887549877166748,0.4308334110410601,0.3776724214001
9.903515577316284,0.43135985139573085,0.3781357551292
9.9194974899292,0.43187053203301073,0.3785990888583
9.935585260391235,0.43235487393353755,0.3791045438355
9.951524257659912,0.43294972784567737,0.3795257563165
9.96750783920288,0.4334132298637718,0.3799890900456
9.983453512191772,0.4337964122170908,0.3804524237747
9.999536752700806,0.43423861709065587,0.3808315150076
10.015519618988037,0.43465558756142275,0.3812527274886
10.031627416610718,0.4349946358202078,0.3817581824658
10.047528743743896,0.4355599639903045,0.3820951524506
10.06351113319397,0.43611160669794263,0.3824742436835
10.079479694366455,0.43658635869380785,0.3829375774126
10.095619201660156,0.4370789434721068,0.3834009111417
10.111583948135376,0.4376209403004661,0.3838221236227
10.127458572387695,0.43812810347264275,0.38428545735180003
10.143517255783081,0.43870347228550405,0.3847066698328
10.159584283828735,0.43932826358074584,0.3850857610657
10.17544937133789,0.4398655901076892,0.3855490947948
10.191474914550781,0.4405260123375028,0.3859281860277
10.207505464553833,0.4411295090897535,0.3863493985087
10.223456382751465,0.44162339025544806,0.3868548534859
10.239534139633179,0.4421655495418289,0.387318187215
10.255596399307251,0.44276651897206154,0.387739399696
10.27146315574646,0.4432683506488616,0.3882448546732
10.287456512451172,0.44387106459594977,0.3886660671542
10.303526878356934,0.44426826995003704,0.38925576462760003
10.319560050964355,0.4447231263152632,0.3897612196048
10.335464477539062,0.44522509889021394,0.3902245533339
10.35148572921753,0.4457110033869604,0.390687887063
10.36748743057251,0.44629664249182294,0.3910669782959
10.383441925048828,0.4467608959458046,0.3915724332731
10.399543523788452,0.4473248397047846,0.3919936457541
10.415521383285522,0.44789371909029596,0.39241485823510003
10.431516647338867,0.44848857744299647,0.3928360707161
10.447511196136475,0.4489830463778921,0.3933415256933
10.463524103164673,0.4495560850035325,0.3938048594224
10.479531288146973,0.4501445287030969,0.3942681931515
10.495423316955566,0.4506851890959331,0.3947736481287
10.511537790298462,0.4512728071765213,0.3952369818578
10.527463436126709,0.4518442038289008,0.3957003155869
10.54344367980957,0.4524309464506663,0.396163649316
10.559489250183105,0.45290666422043485,0.3967112255413
10.57553768157959,0.4535134967163045,0.3971324380223
10.59143590927124,0.4539671533908558,0.3976800142476
10.607530117034912,0.4545202884980894,0.39814334797670003
10.623473405838013,0.45518345091217877,0.3985224392096
10.639407873153687,0.45571446581460817,0.3990278941868
10.655487537384033,0.45619751309070733,0.3995754704121
10.671484231948853,0.4567168008854729,0.4000809253893
10.687463521957397,0.45733550365776987,0.4005021378703
10.70353364944458,0.4578640930132516,0.4010075928475
10.719478368759155,0.4583551725430154,0.4015551690728
10.735480308532715,0.4589771997991346,0.4019763815538
10.751403093338013,0.45953012468866883,0.402481836531
10.767418622970581,0.46018239775562675,0.402903049012
10.783415794372559,0.4607760829539567,0.4033663827411
10.79940915107727,0.46133220279182297,0.4038718377183
10.815415859222412,0.46195603324386225,0.4043351714474
10.83141803741455,0.46248962991923426,0.4048827476727
10.847423791885376,0.463048782391853,0.4053882026499
10.863447189331055,0.4636394151676239,0.4058936576271
10.879449367523193,0.464260307547328,0.4063991126043
10.895415306091309,0.46492608254860757,0.4069045675815
10.91151762008667,0.46564528970788294,0.4074100225587
10.927498579025269,0.466398737505407,0.4079154775359
10.943444013595581,0.4672426277831795,0.40837881126500003
10.959519386291504,0.4679746575938637,0.4089685087384
10.975437879562378,0.46860950861616146,0.409642448708
10.99151873588562,0.4693577947180831,0.4102321461814
11.007405757904053,0.4700620227995333,0.4108639649029
11.023478269577026,0.4709718788670797,0.411327298632
11.039799690246582,0.4717166292936208,0.4119591173535
11.055432558059692,0.472291766487765,0.4127172998193
11.071800470352173,0.4731878795740141,0.4131806335484
11.087448596954346,0.47400089057530165,0.4137282097737
11.10349154472351,0.47469638410776427,0.4143600284952
11.1194486618042,0.47549438329674565,0.41490760472050003
11.135432243347168,0.4761197037383558,0.4156236659382
11.151535987854004,0.47698170330993384,0.4161291209154
11.167449951171875,0.47777505226936823,0.4167188183888
11.18348741531372,0.478647140909157,0.417224273366
11.199460506439209,0.47944946953911655,0.41781397083940003
11.21553897857666,0.4805610949343013,0.4181930620723
11.231497764587402,0.48164512805230175,0.4186142745533
11.247493505477905,0.48265942670619144,0.41911972953050003
11.263493776321411,0.483709262999101,0.41962518450770003
11.279489755630493,0.4848788809920555,0.4200463969887
11.295477867126465,0.4859682277159114,0.420593973214
11.311484813690186,0.48711266896098604,0.4210994281912
11.327473640441895,0.48838841891101364,0.4215206406722
11.343508958816528,0.4897666738876285,0.4218997319051
11.359444379806519,0.4911946011051077,0.4223209443861
11.37545108795166,0.49267278643083157,0.42274215686710004
11.391474723815918,0.4937412030334493,0.423542460581
11.407463073730469,0.4946877415873612,0.4244270067911
11.423446416854858,0.495747912756984,0.4251851892569
11.439506769180298,0.49686706198473357,0.4258591292265
11.455531120300293,0.4979446827129021,0.4265751904442
11.471500635147095,0.49906385222532107,0.4272491304138
11.487455606460571,0.5000460711336354,0.42800731287960003
11.503443241119385,0.5008570234513962,0.4288497378416
11.519460678100586,0.5016393707711458,0.4296500415555
11.535477876663208,0.5023543295735816,0.4304503452694
11.55147099494934,0.5030309776253391,0.4312927702314
11.567586421966553,0.5037812704881411,0.4320930739453
11.583531618118286,0.5047394160870027,0.43272489266680003
11.599423170089722,0.5059255081240697,0.4331882263959
11.615385055541992,0.5069635499954139,0.4338200451174
11.631412029266357,0.5080255915883247,0.4344097425908
11.647381067276001,0.5089174769886398,0.43508368256040003
11.663395643234253,0.5096602211600196,0.4357997437781
11.679389953613281,0.5102148462710814,0.4365158049958
11.695379495620728,0.5101109086112152,0.437021259973
11.71138310432434,0.5101022294422628,0.4374003512059
11.727410793304443,0.509999363419933,0.4377373211907
11.74342131614685,0.5097432996085965,0.4380321699274
11.75946307182312,0.509279674801381,0.43824277616790003
11.77540373802185,0.508885598842464,0.4383270186641
11.791492223739624,0.5085340435158932,0.4383270186641
11.807561874389648,0.508173394536786,0.4383270186641
11.823420763015747,0.5078279595964957,0.4383270186641
11.839585065841675,0.5075178067507083,0.4383270186641
11.855409383773804,0.507384885092858,0.4383270186641
11.87213134765625,0.5073177171188249,0.4383270186641
11.887425422668457,0.5073319630878808,0.4383270186641
11.904083251953125,0.5074825160798229,0.4383270186641
11.919405698776245,0.5077249064634656,0.4383270186641
11.935440063476562,0.5080326959633984,0.4383270186641
11.951437711715698,0.508426952975848,0.4383270186641
11.967422485351562,0.5088585815231214,0.4383270186641
11.983526945114136,0.5093281565214076,0.4383270186641
11.999601602554321,0.5098362526534963,0.4383270186641
12.015517473220825,0.5103728479294504,0.4383270186641
12.031620740890503,0.5109379435588367,0.4383270186641
12.047458171844482,0.5114246623399288,0.4384112611603
12.063441038131714,0.5114362200199009,0.4388745948894
12.079679250717163,0.5114554465555322,0.4392536861223
12.095848321914673,0.5115542386228689,0.43950641361090004
12.11166787147522,0.5116526656745963,0.4397170198514
12.127454996109009,0.511761231282666,0.4398855048438
12.143467664718628,0.5118904402683162,0.4400118685881
12.159534454345703,0.511998147364858,0.4401382323324
12.175451517105103,0.5120843185339886,0.4402645960767
12.191453695297241,0.512148918455611,0.440390959821
12.207445621490479,0.5122129711731607,0.4405173235653
12.223686456680298,0.5124238705698005,0.4406015660615
12.23946499824524,0.5127184485571273,0.4406858085577
12.255537509918213,0.5130124651613015,0.440812172302
12.271478652954102,0.5132848432860787,0.4409806572944
12.287794828414917,0.5135671525027575,0.4411491422868
12.303716897964478,0.5137961954522322,0.4413597485273
12.319539546966553,0.5139614120529947,0.44161247601590004
12.33553957939148,0.5142101937985869,0.4417809610083
12.351531982421875,0.514405644476854,0.4419915672488
12.367480993270874,0.5145898557582754,0.4422021734893
12.383538961410522,0.5148575785433165,0.4423285372336
12.399507999420166,0.5150192614437972,0.4425391434741
12.415502071380615,0.5151696306022665,0.4427497497146
12.431416034698486,0.5153718390063532,0.442918234707
12.44743537902832,0.5155837500052111,0.4430867196994
12.463438987731934,0.5158158702450274,0.4432552046918
12.47964859008789,0.5160787098691305,0.4434236896842
12.495495557785034,0.516298540448103,0.4436342959247
12.51146411895752,0.5165806318490921,0.4438027809171
12.52748417854309,0.5168828516782571,0.4439712659095
12.54347825050354,0.5171841206934719,0.4441397509019
12.559412956237793,0.5175054747220819,0.4443082358943
12.575510740280151,0.5178468955662339,0.4444767208867
12.591383457183838,0.5181978351121269,0.4446452058791
12.607423543930054,0.5186635754319909,0.44472944837530004
12.623485326766968,0.5191598740621552,0.4448136908715
12.639575004577637,0.5196867154043898,0.4448979333677
12.655451774597168,0.5202019621782183,0.445024297112
12.671441555023193,0.5207898336905046,0.4451085396082
12.687448024749756,0.5214082003439894,0.4451927821044
12.703507423400879,0.5221096975556584,0.4452349033525
12.719789981842041,0.5227995470240564,0.4453191458487
12.735421657562256,0.5235198466082202,0.4454033883449
12.75147032737732,0.5242705801619688,0.4454876308411
12.767448663711548,0.5249780193569156,0.4456139945854
12.783518552780151,0.5257895558240542,0.4456561158335
12.799411296844482,0.5265682893503966,0.4457403583297
12.815505027770996,0.5274194916102847,0.44578247957780004
12.831409692764282,0.5282904990005756,0.44582460082590003
12.84743046760559,0.5291286373187203,0.4459088433221
12.8634512424469,0.5300181159617535,0.4459509645702
12.87942886352539,0.5309273239704008,0.4459930858183
12.895411491394043,0.5318562363532463,0.4460352070664
12.92745041847229,0.5328048275503238,0.4460773283145
12.943493843078613,0.533836253313487,0.4460773283145
12.959353923797607,0.5348873181251808,0.4460773283145
12.97544813156128,0.5359158745356979,0.4461194495626
12.99394941329956,0.5369008289704896,0.4462036920588
13.023616313934326,0.537884263898616,0.44628793455500004
13.03938913345337,0.538981980147983,0.44628793455500004
13.05549144744873,0.5400465415256991,0.44633005580310003
13.0721435546875,0.5410673806956128,0.4464142982993
13.087521314620972,0.5421392305494497,0.4464564195474
13.103357553482056,0.5431672934100852,0.4465406620436
13.119488000869751,0.5442884225184541,0.4465406620436
13.136292457580566,0.545418355261911,0.4465406620436
13.151369094848633,0.5465149369499911,0.4465827832917
13.1676344871521,0.5475781275727833,0.4466670257879
13.183497667312622,0.5487026601978536,0.446709147036
13.199673891067505,0.549667373525459,0.44687763202840003
13.215442895889282,0.5507670539925752,0.4469197532765
13.233124256134033,0.551885851964511,0.4469618745246
13.247326850891113,0.5528552502284774,0.447130359517
13.263441562652588,0.5538120829181198,0.4472988445094
13.279470205307007,0.5546299467927854,0.447551571998
13.295533418655396,0.5552877198680329,0.44788854198280004
13.311357498168945,0.5557748051301313,0.4483097544638
13.32849907875061,0.556238557082228,0.4486888456967
13.343409299850464,0.5565736238911144,0.4491100581777
13.35945725440979,0.5569589545930689,0.44944702816250004
13.376572370529175,0.5572786781615543,0.4497839981473
13.391379833221436,0.5574274345849043,0.4502052106283
13.407807350158691,0.5576789380075929,0.45050005936500004
13.423315048217773,0.5579067925159459,0.4507949081017
13.439452648162842,0.5582373124616692,0.45100551434220004
13.455416917800903,0.5586599392538678,0.4511739993346
13.471597909927368,0.5591009350816245,0.4513846055751
13.487626075744629,0.5595392069440828,0.4516373330637
13.503515005111694,0.559974719920002,0.4519321818004
13.519319534301758,0.5604285017790721,0.4522270305371
13.535391807556152,0.5610058248227241,0.4524376367776
13.551493644714355,0.5615908412383283,0.4526903642662
13.567850112915039,0.5620887514959739,0.453027334251
13.58336853981018,0.5626364075635689,0.4533221829877
13.599341630935669,0.5633285587034387,0.4534906679801
13.61542296409607,0.5638703447200972,0.4537855167168
13.631401062011719,0.5643459554474631,0.4541224867016
13.647830724716187,0.5647553476650967,0.4545015779345
13.663457155227661,0.5651511288410487,0.4548806691674
13.679502487182617,0.5655859128315693,0.45521763915220004
13.695353984832764,0.5659964867206374,0.455554609137
13.728250503540039,0.5663406880413834,0.4559337003699
13.759812831878662,0.5665236966233705,0.4564391553471
13.794707775115967,0.5667139379207564,0.4569024890762
13.82347321510315,0.5670482662245137,0.4571973378129
13.839484214782715,0.5674950668679412,0.4574079440534
13.855446815490723,0.5679279522750281,0.457660671542
13.871472835540771,0.5684521874352336,0.45787127778250003
13.887763977050781,0.5691309306146095,0.4579976415268
13.903550624847412,0.569711440045715,0.4582503690154
13.9208345413208,0.5703200336877663,0.458503096504
13.951526880264282,0.5708619082477817,0.4588400664888
13.969562292098999,0.571347552718164,0.4592612789698
13.983516931533813,0.5718506408397772,0.4596824914508
14.001420736312866,0.5725396275167681,0.45993521893940004
14.015406847000122,0.5731196527830914,0.4602721889242
14.032643795013428,0.5737380935836606,0.4605670376609
14.047437906265259,0.5741843132660538,0.46098825014190004
14.063968658447266,0.574826815692546,0.4611988563824
14.079370975494385,0.5752233111556179,0.4616200688634
14.095394134521484,0.5755843396443925,0.46204128134440003
14.111286878585815,0.5760362207723535,0.4623782513292
14.127357721328735,0.5763577893994157,0.4628415850583
14.143384218215942,0.5768859626083951,0.463136433795
14.159654140472412,0.5772521643501645,0.463557646276
14.17547345161438,0.5778143668229939,0.4638103737646
14.19153380393982,0.5782882343321115,0.46414734374940003
14.207406044006348,0.5788422034709262,0.4644421924861
14.223438739776611,0.5792235189275292,0.4648634049671
14.239503860473633,0.5797164408951606,0.46520037495190003
14.257133960723877,0.580342005202044,0.4654531024405
14.271533250808716,0.5807842815063121,0.4658743149215
14.288479328155518,0.5812959414530595,0.46625340615440003
14.303475856781006,0.5817400627256138,0.4666746186354
14.319409847259521,0.5824535700636913,0.4668852248759
14.335369110107422,0.5829204706910391,0.46730643735690003
14.351678133010864,0.5833723686569486,0.4677276498379
14.368406295776367,0.5839039973990993,0.4680646198227
14.383319616317749,0.584410023230863,0.4684437110556
14.399348020553589,0.585122074298152,0.4686543172961
14.415998935699463,0.5855873307990664,0.4690755297771
14.43135380744934,0.5860584573755214,0.4694967422581
14.448347091674805,0.5865775383127215,0.46987583349100004
14.463448286056519,0.5872182522664054,0.4701706822277
14.480534791946411,0.5877383771265124,0.4705497734606
14.49539303779602,0.5881168009579886,0.4710552284378
14.511595487594604,0.5886904422964653,0.4713921984226
14.527420043945312,0.5892697360759803,0.4717291684074
14.54400372505188,0.5898125238093651,0.4721082596403
14.55945372581482,0.5903714160739842,0.4724452296251
14.575397968292236,0.5909569045343636,0.4727821996099
14.592087268829346,0.5913583482666003,0.4732876545871
14.607797622680664,0.591838950713157,0.4737088670681
14.625119686126709,0.5925039831618707,0.4739615945567
14.655770301818848,0.5927321343441403,0.47459341327820004
14.671278238296509,0.593039312557399,0.47514098950350003
14.68826699256897,0.5937203346352379,0.475351595744
14.703618049621582,0.5942276174789314,0.4757306869769
14.719418048858643,0.5947927749100643,0.4760676569617
14.735508918762207,0.5953104703705934,0.4764467481946
14.751487731933594,0.5959807373612696,0.47669947568320004
14.783566236495972,0.5965613530299821,0.4770785669161
14.7999906539917,0.5969996222875116,0.4775840218933
14.815510749816895,0.5975903443619192,0.4779209918781
14.831857204437256,0.5983124311392786,0.4782158406148
14.847413539886475,0.5988920707585016,0.4786791743439
14.863728284835815,0.599518762395138,0.4790582655768
14.88054871559143,0.6001503491588752,0.4794373568097
14.895453929901123,0.6007236121617974,0.47985856929070003
14.911271095275879,0.6013964634265216,0.4801955392755
14.927370309829712,0.6019477364116744,0.4806167517565
14.943429946899414,0.6023352615777441,0.4811643279818
14.959277868270874,0.6029275483809627,0.4815434192147
14.97568678855896,0.6033560133068703,0.4820488741919
14.991573333740234,0.6038417419002022,0.48247008667290003
15.00729513168335,0.6045005311686391,0.4827649354096
15.023691654205322,0.604974324490927,0.4832282691387
15.039628744125366,0.6055895095201437,0.4835652391235
15.05645203590393,0.6060722690392716,0.48402857285260004
15.071649312973022,0.6065805100555534,0.4844497853336
15.087552785873413,0.6071457855959179,0.4848288765665
15.10330605506897,0.6075995762663877,0.4853343315437
15.135507583618164,0.6081313831486717,0.4857555440247
15.15215277671814,0.6085305663176439,0.48630312025
15.16737961769104,0.6091129887525948,0.48668221148290003
15.18331265449524,0.6098365032270764,0.48693493897150003
15.199275255203247,0.6105641863831427,0.4872297877082
15.2154221534729,0.6110959261131957,0.48769312143730004
15.231332302093506,0.6116317477990881,0.4881564551664
15.247530460357666,0.6123190384371222,0.4884934251512
15.26324462890625,0.61286292125713,0.4889567588803
15.27933931350708,0.6134213043815029,0.4894200926094
15.295288801193237,0.6138677876707461,0.4899676688347
15.31131649017334,0.6144234628749083,0.4904310025638
15.3272545337677,0.6149619355935989,0.4908943362929
15.343462467193604,0.6150574406979118,0.4911891850296
15.359275817871094,0.6145003702264582,0.4916103975106
15.375784635543823,0.6140512487524514,0.49186312499920004
15.391662120819092,0.6136466730013863,0.4920316099916
15.40728211402893,0.6146155302485664,0.4921158524878
15.439493179321289,0.6160004986251102,0.4921579737359
15.455509185791016,0.6175817107463023,0.4923264587283
15.471283674240112,0.61925444200473,0.492621307465
15.487321853637695,0.6207364014060808,0.4932110049384
15.503314733505249,0.6223095505791562,0.4938007024118
15.519668817520142,0.6239433147728285,0.4944325211333
15.535598516464233,0.6252892137801933,0.4954855523358
15.551254749298096,0.6271661195543876,0.4961594923054
15.567299842834473,0.6286865788494757,0.497254644756
15.583801984786987,0.6301178750251333,0.4983497972066
15.615280389785767,0.6311168809982903,0.49969767714580005
15.631365537643433,0.631612861487374,0.5013404058217
15.647300243377686,0.6329386316264767,0.5021407095356
15.663267374038696,0.6344975953152954,0.5027725282571001
15.679278135299683,0.6355489167973188,0.5038676807077
15.695242166519165,0.6365583171780101,0.5049628331583
15.71129560470581,0.6378830709856973,0.5058473793684
15.727259397506714,0.6392054012801458,0.5067319255785
15.743721008300781,0.6406330780394818,0.5076164717886
15.759259700775146,0.641832616617071,0.5087537454873
15.775691509246826,0.643321919739413,0.5097225341936
15.79169487953186,0.6447840724207272,0.5108598078923
15.823343992233276,0.6461710201023504,0.511997081591
15.855742931365967,0.6468554558192827,0.5139767802517
15.88745403289795,0.647943579576386,0.5156195089276
15.903299808502197,0.6494927772625215,0.5168410251225
15.923800706863403,0.6518705014415818,0.5173886013478
15.952060461044312,0.6539815980660932,0.5182731475579
15.983680248260498,0.6548982210567309,0.5201686037224
16.015749216079712,0.6558523150738802,0.5219376961426
16.031267642974854,0.6574124690735723,0.5231170910894001
16.04958987236023,0.6596102597858983,0.5238331523071
16.079285383224487,0.6613505247519921,0.525054668502
16.09604501724243,0.6626126363226451,0.5268237609222
16.12722611427307,0.6644754070136153,0.5280873983652
16.15952730178833,0.6656436368143942,0.5298986120335
16.19237208366394,0.6663848197179206,0.531794068198
16.224635124206543,0.6672355676041208,0.5333946756258
16.255382299423218,0.668836505992952,0.5344477068283
16.27129554748535,0.6707574032648712,0.5353743742865
16.28729224205017,0.6732031085000915,0.5359219505118
16.304200410842896,0.6748870098510376,0.5371013454586
16.319267988204956,0.6766188182526994,0.5382386191573
16.335489988327026,0.6786401759719188,0.5392495291117
16.35140609741211,0.6805908794097465,0.5403446815623
16.367329835891724,0.6826361642827304,0.541481955261
16.38366961479187,0.6844708778128035,0.5429140776964
16.39926290512085,0.6866368697433551,0.5440934726432001
16.415618419647217,0.6882828260183181,0.5456519588229001
16.431491136550903,0.6895390580304286,0.547378929995
16.447577714920044,0.6909011167805736,0.5487689311823001
16.463321924209595,0.6920926075918918,0.5502431748658
16.479177713394165,0.6934454371169281,0.5515068123088
16.495661973953247,0.6946124819436271,0.552854692248
16.51130700111389,0.6961112736005161,0.5538656022024
16.527183294296265,0.6975123674298824,0.554960754653
16.54332208633423,0.6988666708067341,0.5561401495998
16.559159517288208,0.7003012368489521,0.5572353020504
16.575222730636597,0.701928721688671,0.5582462120048
16.59118962287903,0.7033413205968649,0.5595519706959
16.607201099395752,0.7049145624341959,0.5607313656427
16.623547792434692,0.7065913688000403,0.5618686393414001
16.639608144760132,0.7080157810980774,0.5632165192806
16.655341386795044,0.7101050501756754,0.5640168229945
16.672059297561646,0.7117545946569864,0.5651962179413
16.687289714813232,0.7126350522105919,0.5669653103615
16.703222513198853,0.7142470186712255,0.568018341564
16.71935200691223,0.7157484867920038,0.5691556152627
16.75129270553589,0.7167834076110688,0.5706298589462
16.768832445144653,0.7175854629657803,0.5721883451259
16.799752950668335,0.7189113537905772,0.5731571338322
16.81522536277771,0.7189418968083484,0.5743786500271
16.831568002700806,0.7195033796881168,0.5750525899967001
16.84738802909851,0.7192079025783352,0.575600166222
16.863275051116943,0.7187793730039357,0.5761898636954
16.879432201385498,0.7188286538408083,0.576442591184
16.89542555809021,0.7189987073844347,0.5765689549283
16.911222219467163,0.719132597177603,0.5767374399207
16.92717480659485,0.7194102404969032,0.576863803665
16.943296194076538,0.7198722081502185,0.5769480461612
16.959164142608643,0.7200988038408921,0.5771586524017001
16.975425481796265,0.7201814759505715,0.5774535011384
16.99153470993042,0.7201774242731631,0.5776641073789
17.007158517837524,0.7199705164155322,0.5778747136194
17.024845123291016,0.7198912588442209,0.5780010773637
17.055314302444458,0.719823662769443,0.5780853198599001
17.071261405944824,0.7196938531193384,0.5781695623561001
17.087895154953003,0.7195648471169449,0.5782116836042
17.103363037109375,0.7193838293061176,0.5782538048523
17.119210243225098,0.7191927549394475,0.5782538048523
17.135783672332764,0.7189902533780815,0.5782538048523
17.16737389564514,0.7187643797114025,0.5782959261004
17.201265335083008,0.7186064250310275,0.5782959261004
17.2151997089386,0.7191116240832336,0.5783380473485
17.231310844421387,0.7197657416322353,0.5783380473485
17.249032020568848,0.7205163139493305,0.5783380473485
17.2794930934906,0.721363523064526,0.5783380473485
17.295264959335327,0.7220864153703433,0.5785065323409
17.311179399490356,0.722024800255462,0.5788013810776
17.327295303344727,0.7223497317638103,0.5792647148067
17.343211889266968,0.7228981112302855,0.5795174422953
17.359195709228516,0.7235227083566483,0.5797280485358001
17.375922203063965,0.7241183961535292,0.5799807760244
17.3919517993927,0.724506349924269,0.5803598672573
17.407890796661377,0.7248550221564692,0.5806968372421
17.439695119857788,0.7247010649782469,0.5813707772117
17.455459117889404,0.7245393227353991,0.581918353437
17.47118592262268,0.7247593971977806,0.5820868384294
17.48728847503662,0.7251936690799285,0.5821710809256
17.503239393234253,0.7256203627882845,0.582339565918
17.5191867351532,0.7260184141576524,0.5825501721585
17.553640842437744,0.7262614494023422,0.5828871421433
17.584461212158203,0.7263810305162115,0.5833083546243
17.61538314819336,0.7265456164126599,0.5836874458572
17.631223917007446,0.7268605089859148,0.5839401733458001
17.663806200027466,0.7273889045907942,0.5841086583382
17.695702075958252,0.7278043963920632,0.584445628323
17.727272748947144,0.7273781417977401,0.584866840804
17.743258476257324,0.7268969358679072,0.5852038107888
17.759225606918335,0.7266659931246727,0.5852459320369
17.77527666091919,0.726400830981942,0.585288053285
17.79114317893982,0.72618552845977,0.585288053285
17.807286739349365,0.7259988640672423,0.585288053285
17.82310652732849,0.7257774971500653,0.5853301745331
17.839275598526,0.7255844502789547,0.5853301745331
17.87132978439331,0.7253563801668756,0.5853301745331
17.887073040008545,0.7251352436143507,0.5853301745331
17.903252601623535,0.7250194101820756,0.5853301745331
17.919596672058105,0.7249878192460006,0.5853301745331
17.93519687652588,0.7249667586219506,0.5853301745331
17.953126192092896,0.7249562283099256,0.5853301745331
17.98320484161377,0.7249456979979005,0.5853301745331
17.999319791793823,0.7249351676858755,0.5853301745331
18.015629291534424,0.7249351676858755,0.5853301745331
18.031105518341064,0.7249351676858755,0.5853301745331
18.047152519226074,0.7249351676858755,0.5853301745331
18.064173460006714,0.7249351676858755,0.5853301745331
18.079561710357666,0.7249351676858755,0.5853301745331
18.095170497894287,0.7249351676858755,0.5853301745331
18.112934350967407,0.7249351676858755,0.5853301745331
18.12715172767639,0.7249351676858755,0.5853301745331
18.15968608856201,0.7249351676858755,0.5853301745331
18.17550754547119,0.7248825161257505,0.5853722957812
18.191178560256958,0.7249246373738505,0.5853301745331
18.20849609375,0.7249246373738505,0.5853301745331
18.239363193511963,0.7249246373738505,0.5853301745331
18.25631356239319,0.7249246373738505,0.5853301745331
18.28707504272461,0.7249246373738505,0.5853301745331
18.30317497253418,0.7249246373738505,0.5853301745331
18.319578647613525,0.7249246373738505,0.5853301745331
18.335195541381836,0.7249246373738505,0.5853301745331
18.35123610496521,0.7249246373738505,0.5853301745331
18.367246627807617,0.7249351676858755,0.5853301745331
18.383124113082886,0.7249351676858755,0.5853301745331
18.39912486076355,0.7249351676858755,0.5853301745331
18.41538119316101,0.7249351676858755,0.5853301745331
18.43132495880127,0.7249351676858755,0.5853301745331
18.44706678390503,0.7249351676858755,0.5853301745331
18.463100910186768,0.7249351676858755,0.5853301745331
18.479386568069458,0.7249351676858755,0.5853301745331
18.49546194076538,0.7249351676858755,0.5853301745331
18.51121997833252,0.7249351676858755,0.5853301745331
18.52709984779358,0.7248825161257505,0.5853722957812
18.543089866638184,0.7249246373738505,0.5853301745331
18.559213876724243,0.7249246373738505,0.5853301745331
18.575120449066162,0.7248719858137255,0.5853722957812
18.59109354019165,0.7249141070618255,0.5853301745331
18.607108116149902,0.7249141070618255,0.5853301745331
18.62321400642395,0.7249141070618255,0.5853301745331
18.639083862304688,0.7248614555017004,0.5853722957812
18.655513048171997,0.7249035767498004,0.5853301745331
18.67126488685608,0.7249035767498004,0.5853301745331
18.703168392181396,0.7249141070618255,0.5853301745331
18.72045063972473,0.7249141070618255,0.5853301745331
18.751158237457275,0.7249141070618255,0.5853301745331
18.767199754714966,0.7249246373738505,0.5853301745331
18.784610748291016,0.7249246373738505,0.5853301745331
18.799211502075195,0.7249246373738505,0.5853301745331
18.81598472595215,0.7249246373738505,0.5853301745331
18.831824779510498,0.7248825161257505,0.5853722957812
18.847105741500854,0.7248719858137255,0.5853722957812
18.86313247680664,0.7249141070618255,0.5853301745331
18.87933897972107,0.7248614555017004,0.5853722957812
18.89736557006836,0.7249035767498004,0.5853301745331
18.911097526550293,0.7249035767498004,0.5853301745331
18.92719292640686,0.7249035767498004,0.5853301745331
18.943098783493042,0.7249035767498004,0.5853301745331
18.95945692062378,0.7248509251896754,0.5853722957812
18.97771406173706,0.7248403948776504,0.5853722957812
19.007466077804565,0.7248403948776504,0.5853722957812
19.039416074752808,0.7248930464377754,0.5853301745331
19.05549931526184,0.7248930464377754,0.5853301745331
19.071330070495605,0.7249035767498004,0.5853301745331
19.087090015411377,0.7248509251896754,0.5853722957812
19.10352373123169,0.7248930464377754,0.5853301745331
19.11914372444153,0.7248403948776504,0.5853722957812
19.13553237915039,0.7248298645656254,0.5853722957812
19.151822328567505,0.7248825161257504,0.5853301745331
19.167169332504272,0.7248930464377754,0.5853301745331
19.18365502357483,0.7248509251896754,0.5853722957812
19.199095487594604,0.7248403948776504,0.5853722957812
19.215561151504517,0.7248825161257504,0.5853301745331
19.23108410835266,0.7248825161257504,0.5853301745331
19.247090578079224,0.7248403948776504,0.5853722957812
19.263439178466797,0.7248298645656254,0.5853722957812
19.279333353042603,0.7248298645656254,0.5853722957812
19.295033931732178,0.7248825161257504,0.5853301745331
19.312081336975098,0.7248298645656254,0.5853722957812
19.327144145965576,0.7248193342536003,0.5853722957812
19.344083309173584,0.7248193342536003,0.5853722957812
19.359022617340088,0.7248719858137254,0.5853301745331
19.37515616416931,0.7248193342536003,0.5853722957812
19.39105200767517,0.7248088039415753,0.5853722957812
19.40728259086609,0.7248088039415753,0.5853722957812
19.42314386367798,0.7248614555017003,0.5853301745331
19.439093589782715,0.7248719858137254,0.5853301745331
19.455894231796265,0.7248193342536003,0.5853722957812
19.470981121063232,0.7248193342536003,0.5853722957812
19.503146648406982,0.7248193342536003,0.5853722957812
19.519102334976196,0.7248719858137254,0.5853301745331
19.53548264503479,0.7248719858137254,0.5853301745331
19.551079750061035,0.7248825161257504,0.5853301745331
19.567197561264038,0.7248403948776504,0.5853722957812
19.58308720588684,0.7248403948776504,0.5853722957812
19.60104513168335,0.7248298645656254,0.5853722957812
19.61510181427002,0.7248193342536003,0.5853722957812
19.632356882095337,0.7248719858137254,0.5853301745331
19.647315740585327,0.7248825161257504,0.5853301745331
19.66316533088684,0.7248403948776504,0.5853722957812
19.679185152053833,0.7248298645656254,0.5853722957812
19.69546890258789,0.7248719858137254,0.5853301745331
19.727299213409424,0.7248719858137254,0.5853301745331
19.743030548095703,0.7248298645656254,0.5853722957812
19.759692907333374,0.7248298645656254,0.5853722957812
19.791304349899292,0.7248825161257504,0.5853301745331
19.807475328445435,0.7248930464377754,0.5853301745331
19.823046445846558,0.7248403948776504,0.5853722957812
19.839351177215576,0.7248298645656254,0.5853722957812
19.856228828430176,0.7248298645656254,0.5853722957812
19.871053457260132,0.7248298645656254,0.5853722957812
19.88714599609375,0.7248193342536003,0.5853722957812
19.903080463409424,0.7248088039415753,0.5853722957812
19.921216249465942,0.7248088039415753,0.5853722957812
19.9512677192688,0.7248614555017003,0.5853301745331
19.967584371566772,0.7248614555017003,0.5853301745331
19.98334527015686,0.7248614555017003,0.5853301745331
20.000022888183594,0.7248719858137254,0.5853301745331
20.015328645706177,0.7248298645656254,0.5853722957812
20.031607627868652,0.7248825161257504,0.5853301745331
20.047139167785645,0.7248930464377754,0.5853301745331
20.07932448387146,0.7249035767498004,0.5853301745331
20.096304893493652,0.7249141070618255,0.5853301745331
20.12957525253296,0.7248719858137255,0.5853722957812
20.15913677215576,0.7248614555017004,0.5853722957812
20.175477266311646,0.7248509251896754,0.5853722957812
20.191306591033936,0.7248930464377754,0.5853301745331
20.207300662994385,0.7248403948776504,0.5853722957812
20.22370958328247,0.7248403948776504,0.5853722957812
20.239155054092407,0.7248825161257504,0.5853301745331
20.25537371635437,0.7248298645656254,0.5853722957812
20.271424055099487,0.7248193342536003,0.5853722957812
20.287903547286987,0.7248614555017003,0.5853301745331
20.30305314064026,0.7248193342536003,0.5853722957812
20.318991899490356,0.7248719858137254,0.5853301745331
20.33517813682556,0.7248298645656254,0.5853722957812
20.351126670837402,0.7248193342536003,0.5853722957812
20.367198705673218,0.7248719858137254,0.5853301745331
20.3830885887146,0.7248298645656254,0.5853722957812
20.398998498916626,0.7248193342536003,0.5853722957812
20.415026426315308,0.7248719858137254,0.5853301745331
20.431429862976074,0.7252700226294423,0.5853301745331
20.447617530822754,0.7257222060657922,0.5853722957812
20.463082790374756,0.726350837733605,0.5853722957812
20.49526834487915,0.7270738776246097,0.5853722957812
20.511329650878906,0.727584246673595,0.5853722957812
20.527512311935425,0.7278348698107062,0.5853722957812
20.543932676315308,0.7280749626357924,0.5853722957812
20.55902600288391,0.7282729342127785,0.5854144170293001
20.575573921203613,0.7282497692372397,0.5856250232698
20.608332872390747,0.728163422389551,0.5858356295103
20.63926911354065,0.7279287161434241,0.5860883569989
20.67288851737976,0.727748004271071,0.5862147207432
20.70324945449829,0.7275289900624181,0.5862989632394
20.719064474105835,0.7272771398767274,0.5863410844875
20.752506017684937,0.7270349427001523,0.5863410844875
20.78422975540161,0.7271261022959755,0.5863410844875
20.815041065216064,0.7275011446517582,0.5863832057356
20.831267595291138,0.7280518023152542,0.5863832057356
20.8470561504364,0.728748925609247,0.5863832057356
20.86453890800476,0.7295731690589496,0.5863832057356
20.89556074142456,0.7301921323661787,0.5864253269837
20.91111946105957,0.7299974425090509,0.5868465394647
20.92698335647583,0.729718510155723,0.5872677519457
20.943026781082153,0.7296080627947952,0.5874783581862
20.958977460861206,0.7295502669939922,0.5876047219305001
20.9749653339386,0.7294764921758617,0.5876889644267
20.991012811660767,0.7293745217779307,0.5877310856748
21.02311372756958,0.729185854582331,0.5877732069229
21.039233207702637,0.72896118130644,0.5877732069229
21.05497932434082,0.7286061356679003,0.587815328171
21.07099723815918,0.7282586353710754,0.587815328171
21.086994171142578,0.7280164381945003,0.587815328171
21.103015661239624,0.7278795441381753,0.587815328171
21.119689464569092,0.7281101390588465,0.5878574494191
21.13492751121521,0.7285274257705754,0.5878574494191
21.15114712715149,0.7292514081229795,0.5878574494191
21.166980504989624,0.7300939670659704,0.5878574494191
21.183406591415405,0.731059268131968,0.5878574494191
21.19894051551819,0.7321277541096123,0.5878574494191
21.214995861053467,0.733187070264048,0.5879416919153
21.231088399887085,0.7335511981792963,0.5886156318849001
21.263704776763916,0.733675897144215,0.5891632081102001
21.278918266296387,0.7328594906360346,0.5900477543203
21.295594453811646,0.732528767620549,0.590342603057
21.311795234680176,0.7323387417242553,0.5904268455532
21.328285455703735,0.7321578002136404,0.5904268455532
21.343204975128174,0.7318453947914859,0.5904689668013
21.35913896560669,0.7314399356548288,0.5905110880494
21.375006675720215,0.730991778640553,0.5905110880494
21.391764640808105,0.7304797760291311,0.5905110880494
21.407002925872803,0.7300537868549779,0.5905110880494
21.42340397834778,0.7297168168701779,0.5905110880494
21.438873291015625,0.7296009834379028,0.5905110880494
21.454898357391357,0.7295062106296778,0.5905532092975
21.47129225730896,0.7294746196936028,0.5905532092975
21.486940383911133,0.7294956803176529,0.5905110880494
21.519821405410767,0.7294851500056279,0.5905110880494
21.53499937057495,0.7294324984455028,0.5905532092975
21.55219292640686,0.7294219681334778,0.5905532092975
21.567521572113037,0.7294114378214528,0.5905532092975
21.583643913269043,0.7294009075094278,0.5905532092975
21.599596738815308,0.7294430287575278,0.5905110880494
21.61509084701538,0.7293903771974027,0.5905532092975
21.630932331085205,0.7293903771974027,0.5905532092975
21.64692783355713,0.7293903771974027,0.5905532092975
21.662957191467285,0.7293798468853777,0.5905532092975
21.678910970687866,0.7293693165733527,0.5905532092975
21.694918155670166,0.7293693165733527,0.5905532092975
21.7112033367157,0.7293693165733527,0.5905532092975
21.72702407836914,0.7293693165733527,0.5905532092975
21.742956399917603,0.7293693165733527,0.5905532092975
21.758986234664917,0.7293587862613277,0.5905532092975
21.775111198425293,0.7293587862613277,0.5905532092975
21.79207158088684,0.7293587862613277,0.5905532092975
21.807324647903442,0.7293587862613277,0.5905532092975
21.824691772460938,0.7293587862613277,0.5905532092975
21.839534997940063,0.7293587862613277,0.5905532092975
21.85495638847351,0.7293587862613277,0.5905532092975
21.87114429473877,0.7293587862613277,0.5905532092975
21.887019634246826,0.7293587862613277,0.5905532092975
21.90296983718872,0.7293587862613277,0.5905532092975
21.919334173202515,0.7293587862613277,0.5905532092975
21.934956550598145,0.7293587862613277,0.5905532092975
21.951377868652344,0.7293587862613277,0.5905532092975
21.96696424484253,0.7297308634356297,0.5905532092975
21.98440909385681,0.7301852569256396,0.5905532092975
21.998966932296753,0.7307554578453291,0.5905532092975
22.01582932472229,0.7314472668138418,0.5905532092975
22.030941247940063,0.7322464131347279,0.5905532092975
22.047451496124268,0.7331337296336362,0.5905532092975
22.06319546699524,0.7340588443805687,0.5905532092975
22.08137536048889,0.7344613786734773,0.5905532092975
22.11097764968872,0.7348639129663859,0.5905532092975
22.144670248031616,0.7345293254175445,0.5911429067709
22.17525863647461,0.7340586231522223,0.5916904829962
22.192115306854248,0.7337736931312551,0.5919432104848
22.22340226173401,0.7336351763286253,0.5919853317329
22.255943059921265,0.7334775685818817,0.5919853317329
22.287008047103882,0.7332009720650038,0.592027452981
22.30304789543152,0.7328977337008817,0.592027452981
22.319052934646606,0.7325291727800067,0.592027452981
22.3508882522583,0.7321606118591317,0.592027452981
22.367194175720215,0.7317920509382567,0.592027452981
22.382930278778076,0.7315182628256067,0.5920695742291
22.398942708969116,0.7314234900173817,0.5920695742291
22.41489887237549,0.7313918990813068,0.5920695742291
22.431387662887573,0.7313708384572568,0.5920695742291
22.463483095169067,0.7313497778332068,0.5920695742291
22.479067087173462,0.7313392475211817,0.5920695742291
22.49490189552307,0.7313287172091567,0.5920695742291
22.510976791381836,0.7313181868971317,0.5920695742291
22.52717351913452,0.7313076565851067,0.5920695742291
22.5433669090271,0.7312971262730816,0.5920695742291
22.559419631958008,0.7312971262730816,0.5920695742291
22.57510018348694,0.7312971262730816,0.5920695742291
22.59121036529541,0.7312971262730816,0.5920695742291
22.606975317001343,0.7312971262730816,0.5920695742291
22.622872591018677,0.7312971262730816,0.5920695742291
22.639001846313477,0.7312971262730816,0.5920695742291
22.65499448776245,0.7312971262730816,0.5920695742291
22.671151399612427,0.7312971262730816,0.5920695742291
22.687127590179443,0.7312971262730816,0.5920695742291
22.70321750640869,0.7312971262730816,0.5920695742291
22.71882700920105,0.7312971262730816,0.5920695742291
22.735159873962402,0.7312971262730816,0.5920695742291
22.75113582611084,0.7312971262730816,0.5920695742291
22.766988039016724,0.7312971262730816,0.5920695742291
22.78292965888977,0.7312971262730816,0.5920695742291
22.799108028411865,0.7312971262730816,0.5920695742291
22.814997911453247,0.7312971262730816,0.5920695742291
22.83094549179077,0.7312971262730816,0.5920695742291
22.84743356704712,0.7312971262730816,0.5920695742291
22.863436698913574,0.7312971262730816,0.5920695742291
22.878879070281982,0.7312971262730816,0.5920695742291
22.894923210144043,0.7312971262730816,0.5920695742291
22.91154384613037,0.7312971262730816,0.5920695742291
22.928329944610596,0.7312971262730816,0.5920695742291
22.943115234375,0.7312971262730816,0.5920695742291
22.960903882980347,0.7312971262730816,0.5920695742291
22.974858045578003,0.7312971262730816,0.5920695742291
22.991369009017944,0.7312971262730816,0.5920695742291
23.00721049308777,0.7312971262730816,0.5920695742291
23.0232515335083,0.7312971262730816,0.5920695742291
23.03898572921753,0.7312971262730816,0.5920695742291
23.055760622024536,0.7312971262730816,0.5920695742291
23.071056604385376,0.7312971262730816,0.5920695742291
23.087419509887695,0.7312971262730816,0.5920695742291
23.12142539024353,0.7312971262730816,0.5920695742291
23.15131402015686,0.7312971262730816,0.5920695742291
23.1668963432312,0.7312971262730816,0.5920695742291
23.18295454978943,0.7312971262730816,0.5920695742291
23.19917368888855,0.7312971262730816,0.5920695742291
23.21495485305786,0.7312971262730816,0.5920695742291
23.23089861869812,0.7312971262730816,0.5920695742291
23.247795581817627,0.7308584462849655,0.5920695742291
23.263084411621094,0.7303026366066316,0.5920695742291
23.295170068740845,0.7296529658321578,0.5920695742291
23.31095552444458,0.7288250770701264,0.5920695742291
23.326834440231323,0.7279164477515885,0.5920695742291
23.343437910079956,0.7269625896721262,0.5920695742291
23.358927965164185,0.726004622246585,0.5920695742291
23.37503743171692,0.7252251288510048,0.5920695742291
23.391180276870728,0.7244590406600531,0.5920695742291
23.407772541046143,0.7239426385577135,0.5920695742291
23.438824892044067,0.7234749786762756,0.5920695742291
23.45495367050171,0.7230636596234413,0.5920695742291
23.47087574005127,0.7227128503178257,0.5920695742291
23.486916065216064,0.7224356294527998,0.5920695742291
23.50287389755249,0.72223279170791,0.5920695742291
23.519127368927002,0.7221010977099104,0.5920695742291
23.534889459609985,0.7220330991920443,0.5920695742291
23.552061080932617,0.7220018884309678,0.5920695742291
23.566853046417236,0.7220018884309678,0.5920695742291
23.584205389022827,0.7220018884309678,0.5920695742291
23.598804473876953,0.7220018884309678,0.5920695742291
23.617091178894043,0.7220018884309678,0.5920695742291
23.647274017333984,0.7220018884309678,0.5920695742291
23.664191484451294,0.7220018884309678,0.5920695742291
23.67920756340027,0.7220018884309678,0.5920695742291
23.696817636489868,0.7220018884309678,0.5920695742291
23.72689175605774,0.7220018884309678,0.5920695742291
23.742936849594116,0.7220018884309678,0.5920695742291
23.774895668029785,0.7220018884309678,0.5920695742291
23.791693925857544,0.7220018884309678,0.5920695742291
23.82421612739563,0.7220018884309678,0.5920695742291
23.838895559310913,0.7220018884309678,0.5920695742291
23.8714337348938,0.7220018884309678,0.5920695742291
23.886836767196655,0.7220018884309678,0.5920695742291
23.90353298187256,0.7220018884309678,0.5920695742291
23.91880702972412,0.7220018884309678,0.5920695742291
23.935554027557373,0.7220018884309678,0.5920695742291
23.96885061264038,0.7215007703515123,0.5921116954772
23.999311923980713,0.7208944701238788,0.5921116954772
24.014880657196045,0.7201441142697363,0.5920695742291
24.03155755996704,0.7192524216979468,0.5920695742291
24.046914100646973,0.7183230892278275,0.5920695742291
24.06282091140747,0.7175054028633637,0.5921116954772
24.079846620559692,0.7171089791503007,0.5921116954772
24.095006942749023,0.7167125554372377,0.5921116954772
24.110889434814453,0.7163161317241746,0.5921116954772
24.12687397003174,0.7159197080111116,0.5921116954772
24.14378786087036,0.7155836442233325,0.5921116954772
24.15878653526306,0.7153082404691479,0.5921116954772
24.17490267753601,0.7150980827868704,0.5921116954772
24.190828800201416,0.7149663058313711,0.5921116954772
24.20703673362732,0.7149083828439335,0.5921116954772
24.222816705703735,0.7149083828439335,0.5921116954772
24.23881435394287,0.7149083828439335,0.5921116954772
24.254921913146973,0.7149083828439335,0.5921116954772
24.2708523273468,0.7149083828439335,0.5921116954772
24.304277658462524,0.7149083828439335,0.5921116954772
24.336016178131104,0.7149083828439335,0.5921116954772
24.36734938621521,0.7149083828439335,0.5921116954772
24.39885449409485,0.7149083828439335,0.5921116954772
24.416107416152954,0.7149083828439335,0.5921116954772
24.447351694107056,0.7149083828439335,0.5921116954772
24.479023456573486,0.7149083828439335,0.5921116954772
24.494877815246582,0.7149083828439335,0.5921116954772
24.510860919952393,0.7149083828439335,0.5921116954772
24.52707552909851,0.7149083828439335,0.5921116954772
24.543715476989746,0.7149083828439335,0.5921116954772
24.57502555847168,0.7149083828439335,0.5921116954772
24.590801239013672,0.7149083828439335,0.5921116954772
24.606956958770752,0.7149083828439335,0.5921116954772
24.62283420562744,0.7149083828439335,0.5921116954772
24.64132571220398,0.7149083828439335,0.5921116954772
24.671643495559692,0.7149083828439335,0.5921116954772
24.68676447868347,0.7146262452429359,0.5921116954772
24.70314311981201,0.7142874538823695,0.5921116954772
24.720281839370728,0.713858679611388,0.5921116954772
24.73615050315857,0.7133789887215055,0.5921116954772
24.75109100341797,0.7128616129623335,0.5921116954772
24.768741846084595,0.7123161846505056,0.5921116954772
24.782784461975098,0.7117769798272272,0.5921116954772
24.79900026321411,0.7115142487354832,0.5921116954772
24.8149631023407,0.7112515176437392,0.5921116954772
24.831934213638306,0.7109887865519952,0.5921116954772
24.8634135723114,0.7107574040825843,0.5921116954772
24.895021677017212,0.7105601819174215,0.5921116954772
24.91277241706848,0.7104033225683033,0.5921116954772
24.926893949508667,0.7102879986799914,0.5921116954772
24.943469285964966,0.7102137824089838,0.5921116954772
24.959702253341675,0.710179223192542,0.5921116954772
24.97516393661499,0.710179223192542,0.5921116954772
24.990782260894775,0.710179223192542,0.5921116954772
25.007164478302002,0.710126571632417,0.5921538167253
25.023112058639526,0.710168692880517,0.5921116954772
25.055578231811523,0.710168692880517,0.5921116954772
25.07083010673523,0.710168692880517,0.5921116954772
25.087233543395996,0.710116041320392,0.5921538167253
25.102858781814575,0.710158162568492,0.5921116954772
25.134995222091675,0.7101055110083669,0.5921538167253
25.150784730911255,0.7100949806963419,0.5921538167253
25.16711449623108,0.7100844503843169,0.5921538167253
25.183212518692017,0.7100739200722919,0.5921538167253
25.2157986164093,0.7100739200722919,0.5921538167253
25.23073935508728,0.7100633897602668,0.5921538167253
25.246840953826904,0.7100528594482418,0.5921538167253
25.262943267822266,0.7100423291362168,0.5921538167253
25.279226779937744,0.7100423291362168,0.5921538167253
25.29489016532898,0.7100317988241918,0.5921538167253
25.328500509262085,0.7100317988241918,0.5921538167253
25.34299373626709,0.7100317988241918,0.5921538167253
25.358842849731445,0.7100317988241918,0.5921538167253
25.374881982803345,0.7100317988241918,0.5921538167253
25.391656637191772,0.7100317988241918,0.5921538167253
25.40675663948059,0.7100317988241918,0.5921538167253
25.42276883125305,0.7100317988241918,0.5921538167253
25.43913245201111,0.7100317988241918,0.5921538167253
25.454899787902832,0.7100317988241918,0.5921538167253
25.470937490463257,0.7100317988241918,0.5921538167253
25.48669147491455,0.7100317988241918,0.5921538167253
25.502723217010498,0.7100317988241918,0.5921538167253
25.520010709762573,0.7100317988241918,0.5921538167253
25.534742832183838,0.7100317988241918,0.5921538167253
25.551194429397583,0.7100317988241918,0.5921538167253
25.566755056381226,0.7100317988241918,0.5921538167253
25.583483695983887,0.7100317988241918,0.5921538167253
25.598785638809204,0.7100317988241918,0.5921538167253
25.632532596588135,0.7100317988241918,0.5921538167253
25.663965463638306,0.7100317988241918,0.5921538167253
25.678722858428955,0.7100317988241918,0.5921538167253
25.694742918014526,0.7100317988241918,0.5921538167253
25.710850954055786,0.7100317988241918,0.5921538167253
25.726953744888306,0.7100317988241918,0.5921538167253
25.742786645889282,0.7100317988241918,0.5921538167253
25.75865864753723,0.7100317988241918,0.5921538167253
25.774843215942383,0.7100317988241918,0.5921538167253
25.790940761566162,0.7100317988241918,0.5921538167253
25.806880712509155,0.7100317988241918,0.5921538167253
25.823217630386353,0.7100317988241918,0.5921538167253
25.83875799179077,0.7100317988241918,0.5921538167253
25.85505509376526,0.7100317988241918,0.5921538167253
25.870686531066895,0.7100317988241918,0.5921538167253
25.886767387390137,0.7100317988241918,0.5921538167253
25.902974605560303,0.7100317988241918,0.5921538167253
25.934932708740234,0.7100317988241918,0.5921538167253
25.950835704803467,0.7100317988241918,0.5921538167253
25.96774983406067,0.7100317988241918,0.5921538167253
25.9992618560791,0.7100317988241918,0.5921538167253
26.01484513282776,0.7100317988241918,0.5921538167253
26.0329487323761,0.7100317988241918,0.5921538167253
26.062809705734253,0.7100317988241918,0.5921538167253
26.078781366348267,0.7100317988241918,0.5921538167253
26.09538507461548,0.7100317988241918,0.5921538167253
26.111236095428467,0.7100317988241918,0.5921538167253
26.12699794769287,0.7100317988241918,0.5921538167253
26.14275598526001,0.7100317988241918,0.5921538167253
26.1602623462677,0.7100317988241918,0.5921538167253
26.174811124801636,0.7100317988241918,0.5921538167253
26.19129991531372,0.7100317988241918,0.5921538167253
26.223087310791016,0.7100317988241918,0.5921538167253
26.23877215385437,0.7100317988241918,0.5921538167253
26.25478768348694,0.7100317988241918,0.5921538167253
26.270875453948975,0.7100317988241918,0.5921538167253
26.287314414978027,0.7100317988241918,0.5921538167253
26.302831888198853,0.7100317988241918,0.5921538167253
26.318711042404175,0.7100317988241918,0.5921538167253
26.335426330566406,0.7100317988241918,0.5921538167253
26.351951837539673,0.7100317988241918,0.5921538167253
26.382898569107056,0.7100317988241918,0.5921538167253
26.399115562438965,0.7100317988241918,0.5921538167253
26.414738655090332,0.7100317988241918,0.5921538167253
26.431636571884155,0.7100317988241918,0.5921538167253
26.462692737579346,0.7100317988241918,0.5921538167253
26.47868299484253,0.7100317988241918,0.5921538167253
26.497005939483643,0.7100317988241918,0.5921538167253
26.510671854019165,0.7100317988241918,0.5921538167253
26.5266752243042,0.7100317988241918,0.5921538167253
26.54291081428528,0.7100317988241918,0.5921538167253
26.55873703956604,0.7100317988241918,0.5921538167253
26.574761629104614,0.7100317988241918,0.5921538167253
26.59074592590332,0.7100317988241918,0.5921538167253
26.606680631637573,0.7100317988241918,0.5921538167253
26.622686624526978,0.7100317988241918,0.5921538167253
26.63892126083374,0.7100317988241918,0.5921538167253
26.6548810005188,0.7100317988241918,0.5921538167253
26.689162254333496,0.7100317988241918,0.5921538167253
26.71871042251587,0.7100317988241918,0.5921538167253
26.735861778259277,0.7100317988241918,0.5921538167253
26.75088357925415,0.7100317988241918,0.5921538167253
26.78315758705139,0.7100317988241918,0.5921538167253
26.799092292785645,0.7100317988241918,0.5921538167253
26.81497597694397,0.7100317988241918,0.5921538167253
26.830886363983154,0.7100317988241918,0.5921538167253
26.86265730857849,0.7100317988241918,0.5921538167253
26.87904715538025,0.7100317988241918,0.5921538167253
26.911890029907227,0.7100317988241918,0.5921538167253
26.94277262687683,0.7100317988241918,0.5921538167253
26.95992159843445,0.7100317988241918,0.5921538167253
26.99239706993103,0.7100317988241918,0.5921538167253
27.02291464805603,0.7100317988241918,0.5921538167253
27.038638591766357,0.7100317988241918,0.5921538167253
27.05465292930603,0.7100317988241918,0.5921538167253
27.070821046829224,0.7100317988241918,0.5921538167253
27.086861610412598,0.7100317988241918,0.5921538167253
27.102808952331543,0.7100317988241918,0.5921538167253
27.118970155715942,0.7100317988241918,0.5921538167253
27.134670734405518,0.7100317988241918,0.5921538167253
27.150741577148438,0.7100317988241918,0.5921538167253
27.182676792144775,0.7100317988241918,0.5921538167253
27.198770761489868,0.7100317988241918,0.5921538167253
27.214974403381348,0.7100317988241918,0.5921538167253
27.230738878250122,0.7100317988241918,0.5921538167253
27.24760103225708,0.7100317988241918,0.5921538167253
27.2787606716156,0.7100317988241918,0.5921538167253
27.296397924423218,0.7100317988241918,0.5921538167253
27.310706615447998,0.7100317988241918,0.5921538167253
27.32802128791809,0.7100317988241918,0.5921538167253
27.342869520187378,0.7100317988241918,0.5921538167253
27.35867667198181,0.7100317988241918,0.5921538167253
27.37490224838257,0.7100317988241918,0.5921538167253
27.39061689376831,0.7100317988241918,0.5921538167253
27.40750026702881,0.7100317988241918,0.5921538167253
27.422969818115234,0.7100317988241918,0.5921538167253
27.43873167037964,0.7100317988241918,0.5921538167253
27.454630136489868,0.7100317988241918,0.5921538167253
27.470806121826172,0.7100317988241918,0.5921538167253
27.486863613128662,0.7100317988241918,0.5921538167253
27.502727508544922,0.7100317988241918,0.5921538167253
27.519222259521484,0.7100317988241918,0.5921538167253
27.534950733184814,0.7100317988241918,0.5921538167253
27.55076575279236,0.7100317988241918,0.5921538167253
27.583150148391724,0.7100317988241918,0.5921538167253
27.599029064178467,0.7100317988241918,0.5921538167253
27.61486268043518,0.7100317988241918,0.5921538167253
27.63070559501648,0.7100317988241918,0.5921538167253
27.646618127822876,0.7100317988241918,0.5921538167253
27.66294264793396,0.7100317988241918,0.5921538167253
27.678905963897705,0.7100317988241918,0.5921538167253
27.69481134414673,0.7100317988241918,0.5921538167253
27.710748195648193,0.7100317988241918,0.5921538167253
27.727790355682373,0.7100317988241918,0.5921538167253
27.742708206176758,0.7100317988241918,0.5921538167253
27.7585768699646,0.7100317988241918,0.5921538167253
27.774581909179688,0.7100317988241918,0.5921538167253
27.79060196876526,0.7100317988241918,0.5921538167253
27.806788682937622,0.7100317988241918,0.5921538167253
27.822572469711304,0.7100317988241918,0.5921538167253
27.838810682296753,0.7100317988241918,0.5921538167253
27.854583024978638,0.7100317988241918,0.5921538167253
27.87129545211792,0.7100317988241918,0.5921538167253
27.8893723487854,0.7100317988241918,0.5921538167253
27.902662992477417,0.7100317988241918,0.5921538167253
27.918859004974365,0.7100317988241918,0.5921538167253
27.934669971466064,0.7100317988241918,0.5921538167253
27.951018571853638,0.7100317988241918,0.5921538167253
27.96665120124817,0.7100317988241918,0.5921538167253
27.984503507614136,0.7100317988241918,0.5921538167253
27.998607397079468,0.7100317988241918,0.5921538167253
28.015002489089966,0.7100317988241918,0.5921538167253
28.030717372894287,0.7100317988241918,0.5921538167253
28.046736478805542,0.7100317988241918,0.5921538167253
28.062561511993408,0.7100317988241918,0.5921538167253
28.079172611236572,0.7100317988241918,0.5921538167253
28.09645915031433,0.7100317988241918,0.5921538167253
28.110741138458252,0.7100317988241918,0.5921538167253
28.126692056655884,0.7100317988241918,0.5921538167253
28.143207788467407,0.7100317988241918,0.5921538167253
28.15856695175171,0.7100317988241918,0.5921538167253
28.174674034118652,0.7100317988241918,0.5921538167253
28.206951379776,0.7100317988241918,0.5921538167253
28.22376298904419,0.7100317988241918,0.5921538167253
28.25510048866272,0.7100317988241918,0.5921538167253
28.27110266685486,0.7100317988241918,0.5921538167253
28.286784887313843,0.7100317988241918,0.5921538167253
28.302783966064453,0.7100317988241918,0.5921538167253
28.31915807723999,0.7100317988241918,0.5921538167253
28.335498094558716,0.7100317988241918,0.5921538167253
28.367482900619507,0.7100317988241918,0.5921538167253
28.382631540298462,0.7100317988241918,0.5921538167253
28.398809671401978,0.7100317988241918,0.5921538167253
28.41456961631775,0.7100317988241918,0.5921538167253
28.430518627166748,0.7100317988241918,0.5921538167253
28.448206186294556,0.7100317988241918,0.5921538167253
28.479159116744995,0.7100317988241918,0.5921538167253
28.49475598335266,0.7100317988241918,0.5921538167253
28.5106463432312,0.7100317988241918,0.5921538167253
28.527165174484253,0.7100317988241918,0.5921538167253
28.54327630996704,0.7100317988241918,0.5921538167253
28.55865478515625,0.7100317988241918,0.5921538167253
28.59135365486145,0.7100317988241918,0.5921538167253
28.60822367668152,0.7100316185551596,0.5921538167253
28.622972011566162,0.7100311710898138,0.5921538167253
28.655248403549194,0.7100303938608105,0.5921538167253
28.670592546463013,0.7100293106004707,0.5921538167253
28.68714427947998,0.7100283146797495,0.5921538167253
28.702535152435303,0.7100279813757548,0.5921538167253
28.71867799758911,0.7100276480717602,0.5921538167253
28.73462748527527,0.7100273147677656,0.5921538167253
28.750653505325317,0.710026981463771,0.5921538167253
28.766578674316406,0.7100266481597763,0.5921538167253
28.782499074935913,0.7100263348856742,0.5921538167253
28.798558473587036,0.7100260691044002,0.5921538167253
28.814907789230347,0.7100258821793799,0.5921538167253
28.830610275268555,0.710025799352289,0.5921538167253
28.86448884010315,0.710025799352289,0.5921538167253
28.894843339920044,0.710025799352289,0.5921538167253
28.926662921905518,0.710025799352289,0.5921538167253
28.942540168762207,0.710025799352289,0.5921538167253
28.958558559417725,0.710025799352289,0.5921538167253
28.975070476531982,0.710025799352289,0.5921538167253
28.990468978881836,0.710025799352289,0.5921538167253
29.006865739822388,0.710025799352289,0.5921538167253
29.024762392044067,0.710025799352289,0.5921538167253
29.05451226234436,0.710025799352289,0.5921538167253
29.070631742477417,0.710025799352289,0.5921538167253
29.0867977142334,0.710025799352289,0.5921538167253
29.10272717475891,0.710025799352289,0.5921538167253
29.118906259536743,0.710025799352289,0.5921538167253
29.150765419006348,0.710025799352289,0.5921538167253
29.182836294174194,0.710025799352289,0.5921538167253
29.200448513031006,0.710025799352289,0.5921538167253
29.23100733757019,0.7100265949218655,0.5921538167253
29.24654746055603,0.7100281034985868,0.5921538167253
29.263203382492065,0.7100294712359569,0.5921538167253
29.27861261367798,0.7100306486913515,0.5921538167253
29.29550862312317,0.7100314719761575,0.5921538167253
29.310898303985596,0.7100317888452906,0.5921538167253
29.32788324356079,0.7100314699793948,0.5921538167253
29.34262228012085,0.7100304065962948,0.5921538167253
29.358654975891113,0.7100285055388844,0.5921538167253
29.39064049720764,0.7100257339691161,0.5921538167253
29.406707048416138,0.7100230839597909,0.5921538167253
29.422728300094604,0.7100222739529218,0.5921538167253
29.439035177230835,0.7100213393301682,0.5921538167253
29.454499006271362,0.7100203150801812,0.5921538167253
29.470532178878784,0.7100192505138297,0.5921538167253
29.487115621566772,0.710018206379118,0.5921538167253
29.503015518188477,0.7100172510430894,0.5921538167253
29.519132375717163,0.7100164573633573,0.5921538167253
29.55080556869507,0.7100159004530343,0.5921538167253
29.566570520401,0.7100156507280037,0.5921538167253
29.599140167236328,0.7100156507280037,0.5921538167253
29.614872217178345,0.7100156507280037,0.5921538167253
29.6311252117157,0.7100156507280037,0.5921538167253
29.66292953491211,0.7100156507280037,0.5921538167253
29.678550243377686,0.7100156507280037,0.5921538167253
29.694589853286743,0.7100156507280037,0.5921538167253
29.71050524711609,0.7100156507280037,0.5921538167253
29.742647886276245,0.7100156507280037,0.5921538167253
29.75874614715576,0.7100156507280037,0.5921538167253
29.774719953536987,0.7100156507280037,0.5921538167253
29.790616512298584,0.7100156507280037,0.5921538167253
29.806567430496216,0.7100156507280037,0.5921538167253
29.823399305343628,0.7100156507280037,0.5921538167253
29.83910298347473,0.7100156507280037,0.5921538167253
29.85464072227478,0.7100156507280037,0.5921538167253
29.886836051940918,0.7100156507280037,0.5921538167253
29.902568578720093,0.7100156507280037,0.5921538167253
29.91991424560547,0.7100156507280037,0.5921538167253
29.952807188034058,0.7100156507280037,0.5921538167253
29.982799291610718,0.7100156507280037,0.5921538167253
29.9986629486084,0.7100156507280037,0.5921538167253
30.01586651802063,0.7100156507280037,0.5921538167253
30.030483961105347,0.7100156507280037,0.5921538167253
30.047160148620605,0.7100156507280037,0.5921538167253
30.07936978340149,0.7100145228058108,0.5921538167253
30.094539403915405,0.7100127845736596,0.5921538167253
30.111711740493774,0.7100105801660244,0.5921538167253
30.126517057418823,0.7100079113264246,0.5921538167253
30.14300799369812,0.7100047735230324,0.5921538167253
30.15965509414673,0.7100011588856147,0.5921538167253
30.174504041671753,0.7099970764136637,0.5921538167253
30.19044828414917,0.7099925572936622,0.5921538167253
30.20672917366028,0.7099877770920981,0.5921538167253
30.222447395324707,0.7099829590776543,0.5921538167253
30.23869228363037,0.7099805450594816,0.5921538167253
30.254512310028076,0.7099783102532492,0.5921538167253
30.2705500125885,0.7099762865437953,0.5921538167253
30.28645157814026,0.709974502079474,0.5921538167253
30.303236722946167,0.7099729823845807,0.5921538167253
30.318532943725586,0.7099717510218486,0.5921538167253
30.33464765548706,0.7099708279359856,0.5921538167253
30.35054087638855,0.7099702273904563,0.5921538167253
30.36712121963501,0.7099699425565085,0.5921538167253
30.383795261383057,0.7099699425565085,0.5921538167253
30.414541721343994,0.7099699425565085,0.5921538167253
30.430464506149292,0.7099699425565085,0.5921538167253
30.447269916534424,0.7099699425565085,0.5921538167253
30.462432622909546,0.7099699425565085,0.5921538167253
30.48101496696472,0.7099699425565085,0.5921538167253
30.511415004730225,0.7099699425565085,0.5921538167253
30.527791261672974,0.7099699425565085,0.5921538167253
30.542484998703003,0.7099699425565085,0.5921538167253
30.558979988098145,0.7099699425565085,0.5921538167253
30.590731620788574,0.7099699425565085,0.5921538167253
30.608262538909912,0.7099699425565085,0.5921538167253
30.622527599334717,0.7099662375772781,0.5921538167253
30.63862180709839,0.7099615088578415,0.5921538167253
30.65451717376709,0.7099558575225,0.5921538167253
30.672828197479248,0.7099489158556154,0.5921538167253
30.68651270866394,0.7099408325315094,0.5921538167253
30.702527046203613,0.7099316571683202,0.5921538167253
30.718940496444702,0.7099212969408725,0.5921538167253
30.7344651222229,0.7099099178742041,0.5921538167253
30.750611066818237,0.7098975587434481,0.5921538167253
30.766540050506592,0.7098850719277886,0.5921538167253
30.78305435180664,0.7098729575407879,0.5921538167253
30.79867386817932,0.7098614071389657,0.5921538167253
30.81500768661499,0.7098501166995974,0.5921538167253
30.830475568771362,0.7098399926686297,0.5921538167253
30.846659660339355,0.7098339311874559,0.5921538167253
30.862484216690063,0.7098285885357922,0.5921538167253
30.880285024642944,0.7098240164952774,0.5921538167253
30.89479374885559,0.7098202426468083,0.5921538167253
30.910911083221436,0.7098172871983897,0.5921538167253
30.927658319473267,0.7098150734038939,0.5921538167253
30.942485570907593,0.709813523216852,0.5921538167253
30.958478689193726,0.7098125535350588,0.5921538167253
30.974559545516968,0.7098121297386237,0.5921538167253
30.99058198928833,0.7098121297386237,0.5921538167253
31.00644874572754,0.7098121297386237,0.5921538167253
31.02255630493164,0.7098121297386237,0.5921538167253
31.039644241333008,0.7098121297386237,0.5921538167253
31.054484128952026,0.7098121297386237,0.5921538167253
31.08686065673828,0.7098121297386237,0.5921538167253
31.102515697479248,0.7098121297386237,0.5921538167253
31.11913228034973,0.7098121297386237,0.5921538167253
31.135080337524414,0.7098121297386237,0.5921538167253
31.15198040008545,0.7098121297386237,0.5921538167253
31.16688108444214,0.7098121297386237,0.5921538167253
31.182801008224487,0.7098121297386237,0.5921538167253
31.19851851463318,0.7098121297386237,0.5921538167253
31.214618921279907,0.7098121297386237,0.5921538167253
31.232075214385986,0.7098121297386237,0.5921538167253
31.246477127075195,0.7098121297386237,0.5921538167253
31.262446403503418,0.7098121297386237,0.5921538167253
31.279412746429443,0.7098121297386237,0.5921538167253
31.294485807418823,0.7098121297386237,0.5921538167253
31.32654118537903,0.7098121297386237,0.5921538167253
31.34320831298828,0.7098121297386237,0.5921538167253
31.358394622802734,0.7098121297386237,0.5921538167253
31.375678777694702,0.7098121297386237,0.5921538167253
31.39050531387329,0.7098068951660353,0.5921538167253
31.407621383666992,0.7098001747118705,0.5921538167253
31.439026832580566,0.7097915697629914,0.5921538167253
31.47087597846985,0.7097805668632411,0.5921538167253
31.48653745651245,0.7097676163179598,0.5921538167253
31.51853370666504,0.7097531336661242,0.5921538167253
31.53461718559265,0.7097374970247179,0.5921538167253
31.55044960975647,0.7097220842199894,0.5921538167253
31.56736969947815,0.7097093078910583,0.5921538167253
31.600857734680176,0.7096966151543114,0.5921538167253
31.63062310218811,0.709688633356148,0.5921538167253
31.64704203605652,0.709681333650761,0.5921538167253
31.679019927978516,0.7096748496383659,0.5921538167253
31.71158480644226,0.7096693571253937,0.5921538167253
31.727354764938354,0.7096649623503007,0.5921538167253
31.74322509765625,0.7096617135762732,0.5921538167253
31.759000301361084,0.7096596116909227,0.5921538167253
31.774518489837646,0.7096585043914322,0.5921538167253
31.79044008255005,0.7096579882265063,0.5921538167253
31.806399822235107,0.7096579882265063,0.5921538167253
31.823296546936035,0.7096579882265063,0.5921538167253
31.839299201965332,0.7096579882265063,0.5921538167253
31.854602575302124,0.7096579882265063,0.5921538167253
31.870378255844116,0.7096579882265063,0.5921538167253
31.886476516723633,0.7096579882265063,0.5921538167253
31.902400732040405,0.7096579882265063,0.5921538167253
31.918521642684937,0.7096579882265063,0.5921538167253
31.935164213180542,0.7096579882265063,0.5921538167253
31.950700998306274,0.7096579882265063,0.5921538167253
31.966472387313843,0.7096579882265063,0.5921538167253
31.982810497283936,0.7096579882265063,0.5921538167253
31.998446464538574,0.7096579882265063,0.5921538167253
32.014747619628906,0.7096579882265063,0.5921538167253
32.030468702316284,0.7096579882265063,0.5921538167253
32.047483921051025,0.7096579882265063,0.5921538167253
32.06280303001404,0.7096579882265063,0.5921538167253
32.07844161987305,0.7096579882265063,0.5921538167253
32.094462871551514,0.7096579882265063,0.5921538167253
32.12664175033569,0.7096579882265063,0.5921538167253
32.14290714263916,0.7096579882265063,0.5921538167253
32.160176277160645,0.7096579882265063,0.5921538167253
32.17448401451111,0.7096579882265063,0.5921538167253
32.19060444831848,0.7096579882265063,0.5921538167253
32.20642066001892,0.7096579882265063,0.5921538167253
32.22257995605469,0.7096579882265063,0.5921538167253
32.25518822669983,0.7096579882265063,0.5921538167253
32.286420583724976,0.7096579882265063,0.5921538167253
32.30274033546448,0.7096579882265063,0.5921538167253
32.33499765396118,0.7096579882265063,0.5921538167253
32.367708921432495,0.7096579882265063,0.5921538167253
32.398722887039185,0.7096579882265063,0.5921538167253
32.430819272994995,0.7096579882265063,0.5921538167253
32.46272134780884,0.7096579882265063,0.5921538167253
32.478777170181274,0.7096579882265063,0.5921538167253
32.49440264701843,0.7096579882265063,0.5921538167253
32.51190805435181,0.7096579882265063,0.5921538167253
32.52637958526611,0.7096579882265063,0.5921538167253
32.5423948764801,0.7096579882265063,0.5921538167253
32.55838632583618,0.7096579882265063,0.5921538167253
32.57463240623474,0.7096579882265063,0.5921538167253
32.59076285362244,0.7096579882265063,0.5921538167253
32.606523513793945,0.7096579882265063,0.5921538167253
