x,y,z
-4.068472040259903388e-01,-1.307433277036716412e-01,-2.698999254683762672e-01
-4.067977553045594719e-01,-1.305921244996102737e-01,-2.699545022875618483e-01
-4.067494442504038799e-01,-1.304617476985270863e-01,-2.699613267804427674e-01
-4.067000861345543838e-01,-1.303232025219683288e-01,-2.700167817143501181e-01
-4.066891799830528176e-01,-1.302371844470813778e-01,-2.700487741943484177e-01
-4.066466228204171363e-01,-1.301605939452233351e-01,-2.700729173292167329e-01
-4.065842398693408355e-01,-1.301619136989163317e-01,-2.701249964841250795e-01
-4.065664497572696878e-01,-1.302056220984231794e-01,-2.701069241173784108e-01
-4.065450812172285988e-01,-1.302409417431361072e-01,-2.701406077020452323e-01
-4.065310461430876043e-01,-1.302909000383781213e-01,-2.701275152546543379e-01
-4.065376465446287058e-01,-1.302975022874686695e-01,-2.701577379337201101e-01
-4.065602337841743297e-01,-1.302256798767796320e-01,-2.701172105027409565e-01
-4.065711895188082736e-01,-1.301565882069053992e-01,-2.701290165552377998e-01
-4.067034607387989831e-01,-1.300931157094909474e-01,-2.700546996632978147e-01
-4.067142304967112376e-01,-1.299606932353297162e-01,-2.700344083827572739e-01
-4.066470318078183044e-01,-1.298581583484268998e-01,-2.700857711374341497e-01
-4.066809363857913362e-01,-1.297494176355971640e-01,-2.700659931130468538e-01
-4.067079251155421571e-01,-1.296728896189729974e-01,-2.700465337027527224e-01
-4.067027318944844150e-01,-1.296318132888650276e-01,-2.699963661468259279e-01
-4.067040015082051263e-01,-1.296105116561708237e-01,-2.699777693221112052e-01
-4.067413390965516906e-01,-1.295946608357403940e-01,-2.699644946396868583e-01
-4.067443852097291646e-01,-1.295599224436139729e-01,-2.699353405870779654e-01
-4.068061195043586875e-01,-1.295781382395504999e-01,-2.698814613309761801e-01
-4.068581908176826523e-01,-1.296061105308515260e-01,-2.698226743896919300e-01
-4.068409707514673568e-01,-1.295844065334681994e-01,-2.698076607393877224e-01
-4.068577827479031295e-01,-1.295770152933309327e-01,-2.698425875335693225e-01
-4.068868748584200667e-01,-1.295354928977575093e-01,-2.698146182092397427e-01
-4.069148759449509600e-01,-1.295086045350034021e-01,-2.697952665266433181e-01
-4.069244436365611617e-01,-1.294269536690504929e-01,-2.698216788651157660e-01
-4.069859597521758299e-01,-1.293921403457818919e-01,-2.698467043024010414e-01
-4.069830171796203211e-01,-1.293356187020351933e-01,-2.698402142905722001e-01
-4.069195865179007776e-01,-1.292062556233620207e-01,-2.699027181887433402e-01
-4.068831398051600545e-01,-1.291702905705381377e-01,-2.698992400975414041e-01
-4.068732500845235189e-01,-1.290898350602823208e-01,-2.698934781166640873e-01
-4.068385281620146565e-01,-1.290709878822729473e-01,-2.699162038197336355e-01
-4.068439118046624503e-01,-1.290807017311573213e-01,-2.699520127333553954e-01
-4.067961359746872785e-01,-1.290210501159801404e-01,-2.699695862259760548e-01
-4.067628905059264555e-01,-1.289827321755692702e-01,-2.700242136271342464e-01
-4.067477454723747443e-01,-1.289347545251576244e-01,-2.699839923364795724e-01
-4.066793527736035085e-01,-1.288898153814260206e-01,-2.700217010067282319e-01
-4.066408744309400469e-01,-1.287827233987122733e-01,-2.700059435255055540e-01
-4.066044885335302062e-01,-1.287288745764665898e-01,-2.699363583375919973e-01
-4.064964495204243522e-01,-1.285617625812052744e-01,-2.700137109597576246e-01
-4.065278853449535990e-01,-1.284805241236433582e-01,-2.699208349367197557e-01
-4.065212371373713718e-01,-1.284129949511450541e-01,-2.698903249336670473e-01
-4.064494658823832318e-01,-1.283095996656924975e-01,-2.699217441914942839e-01
-4.063973055882367791e-01,-1.281918940227009807e-01,-2.699255505258790766e-01
-4.063010942154145488e-01,-1.280937901105879129e-01,-2.699709769483183974e-01
-4.062511084620615276e-01,-1.280872315738662004e-01,-2.699674245689200336e-01
-4.062351539873467199e-01,-1.280843373485712200e-01,-2.699744708994034070e-01
-4.062243172881780384e-01,-1.280359124839650087e-01,-2.699605135233104636e-01
-4.062002569807361962e-01,-1.279956217888985059e-01,-2.699356405013285665e-01
-4.061915818000941258e-01,-1.279566175363081038e-01,-2.699012569478001500e-01
-4.062178825758259726e-01,-1.278907699872485204e-01,-2.698667936635943398e-01
-4.061644599663841171e-01,-1.277888812357468873e-01,-2.698733723311070309e-01
-4.060505775388593697e-01,-1.276517027742448129e-01,-2.698919679522474024e-01
-4.059918085026427703e-01,-1.275422073523180821e-01,-2.699652813022330733e-01
-4.059317933020064051e-01,-1.274255242942375355e-01,-2.699938922080689641e-01
-4.059026158074871549e-01,-1.273584088950268645e-01,-2.700176952163185207e-01
-4.057540552725449889e-01,-1.272347827596092551e-01,-2.700691471356607698e-01
-4.058057505713104640e-01,-1.272703303003309139e-01,-2.700535449626590978e-01
-4.056735876217081871e-01,-1.271857330569231004e-01,-2.701327507012776241e-01
-4.057196239973990814e-01,-1.272274414008829901e-01,-2.700840185945683758e-01
-4.056535281222871103e-01,-1.272521276711678362e-01,-2.700646420423120642e-01
-4.056171439131560086e-01,-1.272953120938056792e-01,-2.700912229313843782e-01
-4.055736279293887248e-01,-1.273706970169140029e-01,-2.700649188519278487e-01
-4.055731152226924041e-01,-1.274615775006898155e-01,-2.700059516378406355e-01
-4.055611459480275571e-01,-1.274851408580617851e-01,-2.700064830482565292e-01
-4.055089855394506393e-01,-1.275291080841883251e-01,-2.700270494370511365e-01
-4.054699917078453120e-01,-1.275776471312313753e-01,-2.700327186357273646e-01
-4.054176459204777427e-01,-1.275955031324334521e-01,-2.700952345822804634e-01
-4.053021239151176069e-01,-1.276340634858824097e-01,-2.702148318885231881e-01
-4.052394981519475414e-01,-1.277072776771138174e-01,-2.702717493433614560e-01
-4.052303448572994182e-01,-1.277821142059747950e-01,-2.702829748213780858e-01
-4.052053071564378217e-01,-1.278418423879928434e-01,-2.702872322029393759e-01
-4.051881947113181170e-01,-1.279173520436472367e-01,-2.702815781971367182e-01
-4.051493715291336062e-01,-1.279717308125750130e-01,-2.703006867184269968e-01
-4.051548005723139556e-01,-1.280772100880223641e-01,-2.702097141265348834e-01
-4.051845111775714270e-01,-1.281991719967812693e-01,-2.702308840435762582e-01
-4.051562191601316143e-01,-1.282525277625068960e-01,-2.702053909514426366e-01
-4.051252886669926556e-01,-1.283698619324345480e-01,-2.700225537311898294e-01
-4.051745077383809845e-01,-1.285049537149079435e-01,-2.699447585031551355e-01
-4.051584981688789999e-01,-1.285966525699407392e-01,-2.699280832612583336e-01
-4.051293429897612763e-01,-1.286584178840493586e-01,-2.699338776865102263e-01
-4.051314671553610247e-01,-1.287994432025621472e-01,-2.699456426949173871e-01
-4.050812100711064789e-01,-1.288278196621691074e-01,-2.699916458469728830e-01
-4.051051804854958749e-01,-1.289683116226130744e-01,-2.699820857600062629e-01
-4.050141348421967824e-01,-1.289532377812424024e-01,-2.700472743652970742e-01
-4.049803573047808247e-01,-1.289746402349743470e-01,-2.700752631384972791e-01
-4.049933818248173112e-01,-1.289978064657906764e-01,-2.700801853224577553e-01
-4.050223492781787615e-01,-1.290428118121016987e-01,-2.700511632078841928e-01
-4.049998791534886178e-01,-1.290677473218200810e-01,-2.700739377805247976e-01
-4.050217946548173020e-01,-1.291065466487766877e-01,-2.700520189775574842e-01
-4.049573269095851358e-01,-1.291052165002049557e-01,-2.700841398849593844e-01
-4.049795186772033317e-01,-1.291447744619885207e-01,-2.700457425468742456e-01
-4.049918912155045514e-01,-1.291256046194467211e-01,-2.700364472922412440e-01
-4.048847527984814065e-01,-1.290965799458319574e-01,-2.700782902717490108e-01
-4.048575573503422897e-01,-1.290720667444494318e-01,-2.701067486663029649e-01
-4.047985365430966653e-01,-1.290139774542243267e-01,-2.701252446245560046e-01
-4.047224094173952902e-01,-1.289791926925905607e-01,-2.701964108710137591e-01
-4.046704433604872420e-01,-1.289651296425007865e-01,-2.701899009024791298e-01
-4.045409132120558193e-01,-1.288834516729405189e-01,-2.701691363032208137e-01
-4.044673729231063608e-01,-1.288032941737405346e-01,-2.701491532442720223e-01
-4.043803451114119096e-01,-1.287638746568667281e-01,-2.700746220741025994e-01
-4.043055390892804080e-01,-1.288026633279320543e-01,-2.700484848314640973e-01
-4.041973798545524521e-01,-1.287436726668259035e-01,-2.699893710426897186e-01
-4.041188625561329961e-01,-1.287116769571282071e-01,-2.698567542065489766e-01
-4.040683226932010874e-01,-1.286348959479624576e-01,-2.696708600581276261e-01
-4.040292355091029131e-01,-1.286020785561290958e-01,-2.694493701056406842e-01
-4.039884664845228568e-01,-1.285877644282576449e-01,-2.692187265107977012e-01
-4.040092341754593641e-01,-1.285927441704762253e-01,-2.688787176901414333e-01
-4.039546184790978045e-01,-1.285669171363053587e-01,-2.686789158193815807e-01
-4.038768109083837321e-01,-1.284568792670773285e-01,-2.685811810146662149e-01
-4.037671082808532153e-01,-1.284337478030975199e-01,-2.683504385281986204e-01
-4.036851287350526341e-01,-1.284846398178359217e-01,-2.679983142495379056e-01
-4.035171077943033313e-01,-1.285392100848806174e-01,-2.676800105235475069e-01
-4.034114132366538041e-01,-1.286157929725644800e-01,-2.673390702831255905e-01
-4.033110061004794855e-01,-1.286287201044778450e-01,-2.669901212348875785e-01
-4.031479276765564390e-01,-1.286328378955406415e-01,-2.666986695059690438e-01
-4.029518030759958180e-01,-1.287132695492264056e-01,-2.662256313714116973e-01
-4.026567941398779271e-01,-1.287156394058857622e-01,-2.658627434886713936e-01
-4.024300697479113453e-01,-1.287429077807558664e-01,-2.654624430528056411e-01
-4.022541082206360641e-01,-1.287696451761895511e-01,-2.650097715082788685e-01
-4.020360340284858114e-01,-1.288847556590382859e-01,-2.646335419405241862e-01
-4.019368240525214575e-01,-1.289126447548257226e-01,-2.642235627904882533e-01
-4.017890812256074695e-01,-1.289522370568306209e-01,-2.637711590123721361e-01
-4.014684084495195315e-01,-1.290104822542122442e-01,-2.633109129504259682e-01
-4.011965890067825113e-01,-1.290760353274307826e-01,-2.629061329144243286e-01
-4.009726175002283344e-01,-1.291576900049791754e-01,-2.624244657023280247e-01
-4.006169865926892393e-01,-1.292923624472411270e-01,-2.618609543436049569e-01
-4.001833620066327923e-01,-1.293444098832386424e-01,-2.614603949146172557e-01
-3.998472470843623117e-01,-1.294028312420701377e-01,-2.609385239189354055e-01
-3.994480848070332546e-01,-1.294995143510414004e-01,-2.605392858935309808e-01
-3.991198424292851654e-01,-1.296073497577406308e-01,-2.601659419618390090e-01
-3.987788375070003277e-01,-1.296559691381947155e-01,-2.597982349650345690e-01
-3.984130466405996773e-01,-1.296770994195104998e-01,-2.593285701048572145e-01
-3.979955463420909445e-01,-1.297385944958225346e-01,-2.588657970659309915e-01
-3.975180592339995767e-01,-1.298276699760597119e-01,-2.581894813508184838e-01
-3.971342820043565758e-01,-1.297987440850110752e-01,-2.575795843563364884e-01
-3.968055243459837622e-01,-1.296878310207021934e-01,-2.572763349009684619e-01
-3.963777749365390846e-01,-1.297513132007819814e-01,-2.564679316871593118e-01
-3.959759783013300782e-01,-1.297422674636164452e-01,-2.557623718307285854e-01
-3.954883395472230112e-01,-1.298476693470394516e-01,-2.550182486813406535e-01
-3.950277458416752707e-01,-1.299565393294064841e-01,-2.543237144284701823e-01
-3.946228189154267763e-01,-1.300528002780959036e-01,-2.536974490059276111e-01
-3.942099990358384765e-01,-1.301912193515400440e-01,-2.531732349681676264e-01
-3.936655906410790329e-01,-1.303398639099274114e-01,-2.526208455310765544e-01
-3.931207559175901589e-01,-1.304334950999739839e-01,-2.520337903675319291e-01
-3.925183295695036656e-01,-1.305601069665818792e-01,-2.512592610463704745e-01
-3.918744143959261295e-01,-1.305962078522582837e-01,-2.506743858626303556e-01
-3.913179565420759620e-01,-1.306393701996123036e-01,-2.501277769420826580e-01
-3.909707779932643512e-01,-1.307003679685699304e-01,-2.494096494895114979e-01
-3.903798992001929480e-01,-1.308261833723861067e-01,-2.483985565461450939e-01
-3.898631992464834384e-01,-1.310292538168150167e-01,-2.476298661837036952e-01
-3.893771339542157484e-01,-1.311102387653578227e-01,-2.467896331638571583e-01
-3.889274723822644941e-01,-1.311233230841427067e-01,-2.459487180564309261e-01
-3.883419283227487750e-01,-1.311883920730748110e-01,-2.448430157405032948e-01
-3.876441950245356760e-01,-1.313704121839314731e-01,-2.440764929662478100e-01
-3.871436456014746841e-01,-1.317443885073888432e-01,-2.432630655171610368e-01
-3.864195873405235626e-01,-1.319485263646025808e-01,-2.425478359893662728e-01
-3.856122576844769889e-01,-1.320731321588400342e-01,-2.416386523380466556e-01
-3.848574834129506184e-01,-1.321909903036471712e-01,-2.408825530389426539e-01
-3.842536344627993095e-01,-1.323089375128972400e-01,-2.401284029823930466e-01
-3.836787296973317996e-01,-1.325516616063012187e-01,-2.392188601543203674e-01
-3.829103304715471556e-01,-1.327388551622728508e-01,-2.381518705744083975e-01
-3.821318965807514734e-01,-1.326583913459349895e-01,-2.373451770357271617e-01
-3.813067554927840885e-01,-1.324807484251589451e-01,-2.368308083679189768e-01
-3.804647755753736704e-01,-1.328324967233665554e-01,-2.353549860829940443e-01
-3.797091753670275849e-01,-1.328613140658850278e-01,-2.345557557402623006e-01
-3.789793720464930682e-01,-1.328274441948705253e-01,-2.336999741441999068e-01
-3.780410613034682066e-01,-1.328086326190170419e-01,-2.325969847355983944e-01
-3.772217715279592709e-01,-1.328306284688954286e-01,-2.319313832544570020e-01
-3.764060054955515322e-01,-1.329478300926383860e-01,-2.308925492338619045e-01
-3.752733956218411993e-01,-1.328731392337388351e-01,-2.299748656538377067e-01
-3.744603954570348558e-01,-1.329732066936740176e-01,-2.291580241708924270e-01
-3.735649129469914009e-01,-1.328844483495941753e-01,-2.283533716975095773e-01
-3.725411256475690824e-01,-1.330950386767174032e-01,-2.272552527241507858e-01
-3.717632852539812238e-01,-1.331926913359136599e-01,-2.262563138571579979e-01
-3.710303123135345049e-01,-1.331343447797875279e-01,-2.252306675101012345e-01
-3.701613522234488696e-01,-1.332107330971968318e-01,-2.240630651364490245e-01
-3.693298452739338100e-01,-1.330843040539897992e-01,-2.231995417412775407e-01
-3.685555008688625178e-01,-1.332411290522697578e-01,-2.222036110887556648e-01
-3.677148937837997900e-01,-1.333252890357568554e-01,-2.208411588587227969e-01
-3.670611711860951032e-01,-1.332137972882825872e-01,-2.197397609959426679e-01
-3.661853577780277980e-01,-1.331818951840469389e-01,-2.187130139653119254e-01
-3.653312948599859999e-01,-1.331526629415900609e-01,-2.178904897598441526e-01
-3.645368722946891737e-01,-1.331731875670408294e-01,-2.170729003650958833e-01
-3.636328210860322874e-01,-1.333353420925563193e-01,-2.160328583927003665e-01
-3.626451343787883697e-01,-1.333972145583080526e-01,-2.152054659663980019e-01
-3.616949973376472616e-01,-1.334240800289535067e-01,-2.144175756756167284e-01
-3.608915137183492106e-01,-1.335160694617543720e-01,-2.133906060319743503e-01
-3.600014296784256884e-01,-1.334195870381341131e-01,-2.125853313904412789e-01
-3.592149017779518450e-01,-1.334307085471589382e-01,-2.117318848566491774e-01
-3.581405995313920454e-01,-1.334670256283084222e-01,-2.107753577943935197e-01
-3.571126239194749030e-01,-1.332915165456288187e-01,-2.102922170173390781e-01
-3.561879251012025072e-01,-1.334861626646391408e-01,-2.089345253504393818e-01
-3.555634412816838785e-01,-1.337242361147735203e-01,-2.077907915433120922e-01
-3.546481876469942951e-01,-1.335539229743632483e-01,-2.068853515238017471e-01
-3.537558361189562794e-01,-1.334498903434809258e-01,-2.057473966077717487e-01
-3.528754028308706547e-01,-1.333216964115560565e-01,-2.047640915823310259e-01
-3.520062870053242698e-01,-1.332613525937938470e-01,-2.037697805800054995e-01
-3.509678917305782408e-01,-1.333406380147086900e-01,-2.025070582842090627e-01
-3.502939996316661309e-01,-1.334256888031837840e-01,-2.013736666245542761e-01
-3.493450231688491336e-01,-1.334213810006886214e-01,-2.004681874811416742e-01
-3.482071143638643673e-01,-1.332486908824699889e-01,-1.997770823139064789e-01
-3.471415266548477097e-01,-1.329163852914577171e-01,-1.990269588922702615e-01
-3.461533165251599597e-01,-1.329512262626804664e-01,-1.978647046222089534e-01
-3.453441681864344859e-01,-1.330270245513394678e-01,-1.967779970045064608e-01
-3.445725697255150322e-01,-1.330504350307069594e-01,-1.957592388815704854e-01
-3.435557735542622004e-01,-1.329843827927824074e-01,-1.945583472586091822e-01
-3.426511667478617240e-01,-1.326933552560559115e-01,-1.937428211208387374e-01
-3.418275431597915248e-01,-1.327685326774319940e-01,-1.926392250400617012e-01
-3.409309979467036178e-01,-1.327060596422212080e-01,-1.914566134504915862e-01
-3.401245460574484070e-01,-1.326357771695652610e-01,-1.903144229020417577e-01
-3.392340886485836760e-01,-1.326906264815766456e-01,-1.892241499304161967e-01
-3.383636148221855211e-01,-1.325097415271528356e-01,-1.882286076341939951e-01
-3.373064113960221877e-01,-1.323745500752209758e-01,-1.871557900208967729e-01
-3.363079442126225005e-01,-1.323188160340485475e-01,-1.861214354263120430e-01
-3.354206938337846444e-01,-1.323606509890021266e-01,-1.851570174312064110e-01
-3.341568340762247069e-01,-1.324512816054440045e-01,-1.843533314316240235e-01
-3.332001259419328787e-01,-1.323271677930706880e-01,-1.837905193506025325e-01
-3.320980237674561741e-01,-1.324557088773912761e-01,-1.825092442743572740e-01
-3.310931460200184362e-01,-1.324558634161268622e-01,-1.816587217325517922e-01
-3.303298011209834795e-01,-1.327017680836273805e-01,-1.802989413194539814e-01
-3.291170668827695933e-01,-1.331674231724249702e-01,-1.791350418848841886e-01
-3.281106232220896701e-01,-1.332040781696091636e-01,-1.782809055499710860e-01
-3.272519817623443239e-01,-1.332849500541378185e-01,-1.770486963125499080e-01
-3.262301207342476750e-01,-1.331965421060910537e-01,-1.764423381936573720e-01
-3.251677296923575766e-01,-1.331003408818892120e-01,-1.755210713732060779e-01
-3.243109051222402006e-01,-1.329916431183089665e-01,-1.745475245749159021e-01
-3.231479683417081694e-01,-1.333154443301834413e-01,-1.736996894875751096e-01
-3.220954546491256454e-01,-1.333248577934421086e-01,-1.728140943318993983e-01
-3.208436222016944339e-01,-1.334189131067025635e-01,-1.724122400493014462e-01
-3.195776410806384082e-01,-1.333502039050019072e-01,-1.719394949873566392e-01
-3.185193242396199831e-01,-1.332961491605649251e-01,-1.712902808332488203e-01
-3.177154794472223931e-01,-1.334959906206366065e-01,-1.705212173502120843e-01
-3.166736650621886917e-01,-1.340105855370930521e-01,-1.693974748069746739e-01
-3.156725619420892026e-01,-1.341865179770569960e-01,-1.686070190341987796e-01
-3.146647976151763504e-01,-1.343705432755997742e-01,-1.678778036251484806e-01
-3.137571600108459147e-01,-1.345146887683169035e-01,-1.669538383211520705e-01
-3.126797626330127255e-01,-1.346545513705366681e-01,-1.663345381783846721e-01
-3.118621822336372085e-01,-1.347260436044988574e-01,-1.655671370476455573e-01
-3.108668541980473266e-01,-1.347140346249627307e-01,-1.649109015722685923e-01
-3.098724447632032475e-01,-1.349059356485944883e-01,-1.640916583913290538e-01
-3.090198211723946264e-01,-1.347101142334588553e-01,-1.633766780398788199e-01
-3.081911868940469534e-01,-1.344693345727372980e-01,-1.629242837565450241e-01
-3.070444382244049142e-01,-1.348610583979606425e-01,-1.622490158391539372e-01
-3.058131534305022492e-01,-1.351134788203621206e-01,-1.618136674512902218e-01
-3.045297454029553541e-01,-1.356355811577266146e-01,-1.611058329990183724e-01
-3.033957321871414980e-01,-1.359298575624703909e-01,-1.605500916120633781e-01
-3.023348079697034119e-01,-1.360066068171464360e-01,-1.601124616651581067e-01
-3.013181219947644318e-01,-1.361467296031385055e-01,-1.596273205369767856e-01
-2.995859131714991297e-01,-1.370042382843670858e-01,-1.591768941931450965e-01
-2.984141820027927383e-01,-1.372927363211836060e-01,-1.587938609999422490e-01
-2.971383622144351810e-01,-1.378790543471982155e-01,-1.581758728533778635e-01
-2.959559189368576315e-01,-1.378657677748119093e-01,-1.578814810238790556e-01
-2.945304740552178724e-01,-1.382742686178378144e-01,-1.574454716535635401e-01
-2.932760631412649199e-01,-1.384939806405661167e-01,-1.568154030837104473e-01
-2.922920606001567223e-01,-1.383534308943184521e-01,-1.563164826512435657e-01
-2.911724389125388002e-01,-1.383531770136073313e-01,-1.557675493630368280e-01
-2.901573678214534602e-01,-1.384573539930538666e-01,-1.551517122557701245e-01
-2.887313292500459094e-01,-1.389394097007766171e-01,-1.546471702087347799e-01
-2.876220070645590376e-01,-1.391502986999984537e-01,-1.541401261848045490e-01
-2.861740176435347283e-01,-1.394858679501021492e-01,-1.535031437389683673e-01
-2.850397274936757319e-01,-1.397588491773045782e-01,-1.529160296617428638e-01
-2.834250862454406605e-01,-1.401359549753285472e-01,-1.524514314364816825e-01
-2.820295593859492578e-01,-1.401679734494103990e-01,-1.521274217070633927e-01
-2.805327611023701873e-01,-1.404062459552988806e-01,-1.516479133670137758e-01
-2.791784909793242897e-01,-1.405037683506047963e-01,-1.512196660576130558e-01
-2.777315098194589882e-01,-1.406304856810130510e-01,-1.505008698855992699e-01
-2.761808870446204600e-01,-1.406995396001629595e-01,-1.500983346949634756e-01
-2.746064011328269161e-01,-1.408819769842400427e-01,-1.494918605337062778e-01
-2.730718573980026043e-01,-1.409525122184374646e-01,-1.488962808170607999e-01
-2.715652194912404060e-01,-1.409363046813392750e-01,-1.483440127885403970e-01
-2.700610363896022714e-01,-1.407481365191834422e-01,-1.477752879628408678e-01
-2.687579260240162138e-01,-1.407032368571737302e-01,-1.469841360582186673e-01
-2.672526702673920229e-01,-1.408739920347091279e-01,-1.462436534492091988e-01
-2.659209590470717477e-01,-1.406856121232676338e-01,-1.455511790710882214e-01
-2.643734978128305380e-01,-1.405799566952575241e-01,-1.450836512777160803e-01
-2.628914661376898221e-01,-1.406516246434166839e-01,-1.441145621357148854e-01
-2.617290990881499524e-01,-1.405460469466386919e-01,-1.431419463909412715e-01
-2.600743401295250723e-01,-1.403845028814597051e-01,-1.426365042531094751e-01
-2.586955177539594364e-01,-1.402821218939665493e-01,-1.418982766786309191e-01
-2.572479455752340605e-01,-1.402523129312203687e-01,-1.414034006173037206e-01
-2.557027037851261064e-01,-1.404002551795922593e-01,-1.404099706350156740e-01
-2.542102671754210008e-01,-1.401368325771828460e-01,-1.397276118273478862e-01
-2.528284829915558585e-01,-1.399720088217973335e-01,-1.391182185661927473e-01
-2.513125850151311513e-01,-1.396886583984371932e-01,-1.386371668766212539e-01
-2.497190749140549282e-01,-1.395203765979232124e-01,-1.383207867234129418e-01
-2.484220843505612897e-01,-1.392308552320887238e-01,-1.377487800773851412e-01
-2.470912595796553313e-01,-1.391128463413920380e-01,-1.371747713408153213e-01
-2.459424658702031308e-01,-1.389882644771894271e-01,-1.363687328611666583e-01
-2.445417947145095972e-01,-1.389356400601058916e-01,-1.356401749638629639e-01
-2.431867029130884705e-01,-1.387243838518129047e-01,-1.352106576635979107e-01
-2.418884791412745927e-01,-1.384479571237889339e-01,-1.348383824589300950e-01
-2.404740864939643452e-01,-1.382359552685073489e-01,-1.343502988363785011e-01
-2.389939868604805118e-01,-1.379271464402971881e-01,-1.338707973995549305e-01
-2.375839456880058376e-01,-1.379795434438056412e-01,-1.330335766575359846e-01
-2.362329545642751216e-01,-1.375555161938817883e-01,-1.330583362553072191e-01
-2.348480487280452667e-01,-1.376417372835914699e-01,-1.324840706864716666e-01
-2.334928681976197740e-01,-1.374696324524272151e-01,-1.324577549314961966e-01
-2.321220299362531381e-01,-1.377039523901620321e-01,-1.316157438199150875e-01
-2.309532901863993737e-01,-1.373337583255867522e-01,-1.314257602798175051e-01
-2.296168997049739535e-01,-1.373387163268718347e-01,-1.308735086911936019e-01
-2.282322140511093278e-01,-1.370607538865438735e-01,-1.304593652008343430e-01
-2.268928958936978213e-01,-1.371824030272832950e-01,-1.298559965232185254e-01
-2.256246313051085139e-01,-1.371353952746399707e-01,-1.292919072137807268e-01
-2.243922001592453808e-01,-1.371136625554192912e-01,-1.290812679536364471e-01
-2.231882001125480852e-01,-1.366580592998390409e-01,-1.292114382785408133e-01
-2.220036757162002217e-01,-1.364913656599822667e-01,-1.288398164351660102e-01
-2.207135965130621602e-01,-1.364762373810948781e-01,-1.282754783772294960e-01
-2.195108795511984678e-01,-1.361860948168583385e-01,-1.278885854961815671e-01
-2.183329663219206185e-01,-1.358120697073280092e-01,-1.275204150848652240e-01
-2.171995676366976213e-01,-1.357254778801873507e-01,-1.271416048138013788e-01
-2.158527989173030792e-01,-1.355365999374425479e-01,-1.268731345136194788e-01
-2.146176740653197856e-01,-1.354088877296991122e-01,-1.265354788516193096e-01
-2.133472913964516438e-01,-1.350663627210236251e-01,-1.263393057067664638e-01
-2.120764259048721345e-01,-1.349078693695964781e-01,-1.261845218337405428e-01
-2.108120036623113980e-01,-1.346069815385964596e-01,-1.261247040618402593e-01
-2.096532503471512654e-01,-1.344613824452448037e-01,-1.260283882456988969e-01
-2.081389176939174024e-01,-1.343197785890387075e-01,-1.260974085742579409e-01
-2.069049447786450169e-01,-1.339600029802193171e-01,-1.261404336968950379e-01
-2.055686850648102415e-01,-1.336457316033806131e-01,-1.261665616309192994e-01
-2.043848033698217326e-01,-1.335017574065103241e-01,-1.260052933698491140e-01
-2.031075958576649687e-01,-1.333722337232222110e-01,-1.259689270643310488e-01
-2.018015197188466892e-01,-1.330820741327323753e-01,-1.260460245977689520e-01
-2.006207081859350816e-01,-1.327537311817832966e-01,-1.259608828796993651e-01
-1.995131289812878683e-01,-1.325975563077093633e-01,-1.257603077720505780e-01
-1.982921382961823631e-01,-1.322512727179235292e-01,-1.258539019734350450e-01
-1.971015864255203920e-01,-1.320166280430750683e-01,-1.257454530362661638e-01
-1.957911284530993723e-01,-1.317413939074288387e-01,-1.257042152400291435e-01
-1.947750067124981999e-01,-1.314366439634687134e-01,-1.256349899851318952e-01
-1.936358908311605620e-01,-1.310943249436076763e-01,-1.257074578338189808e-01
-1.923745097968905804e-01,-1.307684427275215833e-01,-1.257470962130849412e-01
-1.911150318919878077e-01,-1.303350174960181129e-01,-1.258501277292802256e-01
-1.898839869660758350e-01,-1.300411558847947568e-01,-1.258335311175449722e-01
-1.886161010352283562e-01,-1.298016174650729604e-01,-1.258870457366721984e-01
-1.875934898887305358e-01,-1.295460666928565652e-01,-1.257289199780667055e-01
-1.865419442916477766e-01,-1.293237442848256813e-01,-1.256011689721806546e-01
-1.855216605475938363e-01,-1.289583217224872791e-01,-1.255373099845093487e-01
-1.844738441702671872e-01,-1.286121214893901077e-01,-1.254061042814154647e-01
-1.833554526991498235e-01,-1.283940405096185011e-01,-1.252590208196187882e-01
-1.822801769492324309e-01,-1.281488894908258680e-01,-1.251769633561782558e-01
-1.813434486194856476e-01,-1.276789390274904457e-01,-1.254871682337922179e-01
-1.801577217971548905e-01,-1.274480577902257772e-01,-1.253722791813320359e-01
-1.790251053165685113e-01,-1.269476365532891671e-01,-1.258863508788508057e-01
-1.778314700357646605e-01,-1.266439691648018617e-01,-1.255741149127224121e-01
-1.767868530674150951e-01,-1.265019187418965907e-01,-1.253240529262711067e-01
-1.758941864231348684e-01,-1.263630823365820555e-01,-1.251061840943285264e-01
-1.749360846209793707e-01,-1.262479242064463159e-01,-1.249629292878750020e-01
-1.740350137037026124e-01,-1.259148899827545187e-01,-1.248185130315122016e-01
-1.732767006035918489e-01,-1.255077382064358482e-01,-1.246663804769395645e-01
-1.723632501781734994e-01,-1.251712512115932818e-01,-1.245857193675947716e-01
-1.715171779479566783e-01,-1.250012825668248007e-01,-1.244178614019389451e-01
-1.707310970955041030e-01,-1.245455390116006478e-01,-1.242848091438409214e-01
-1.697652169973416503e-01,-1.242130144534221992e-01,-1.242980009330558189e-01
-1.689631503630774634e-01,-1.235341748648744464e-01,-1.243640420073134911e-01
-1.680071164449907228e-01,-1.230240481532055008e-01,-1.242966207123445410e-01
-1.670268826820401897e-01,-1.226004146398467776e-01,-1.241497887456844001e-01
-1.663145723675299448e-01,-1.219601778737656184e-01,-1.241043886617145403e-01
-1.655611922533798963e-01,-1.214988058268971494e-01,-1.239177149678482026e-01
-1.647315779850558326e-01,-1.211180306068491697e-01,-1.237206977718619538e-01
-1.638307591214855363e-01,-1.205316293951113615e-01,-1.238929156199542192e-01
-1.632147173904771598e-01,-1.198104906956448112e-01,-1.241237700685303980e-01
-1.623474260969522409e-01,-1.194729695871497577e-01,-1.238135782942685059e-01
-1.615365000240240323e-01,-1.187866873336190232e-01,-1.237251956025251787e-01
-1.606413116618173320e-01,-1.182304890310557632e-01,-1.235853322892783435e-01
-1.599223730871061622e-01,-1.177093958173008326e-01,-1.233498553450820268e-01
-1.593631353908224191e-01,-1.172445043538377640e-01,-1.231174690410929973e-01
-1.588777615510283403e-01,-1.168056459362634691e-01,-1.228998533934681087e-01
-1.581518787356324673e-01,-1.163857880330990135e-01,-1.227088868798438120e-01
-1.575321542825555698e-01,-1.157850017033382195e-01,-1.225771359399824151e-01
-1.569475171297458060e-01,-1.151408785067498664e-01,-1.224130455515939631e-01
-1.563159677719344054e-01,-1.145449709224535817e-01,-1.222702189410316276e-01
-1.552908169886974554e-01,-1.138095028929018704e-01,-1.225862245226882613e-01
-1.544163915598971148e-01,-1.129602340332849786e-01,-1.228591621481867208e-01
-1.536558238406459664e-01,-1.121802700366241745e-01,-1.229629368614149482e-01
-1.529715474929727592e-01,-1.112419395593345350e-01,-1.233393709471106436e-01
-1.522991323136759223e-01,-1.105646426075597710e-01,-1.233577828097121853e-01
-1.517073543513738909e-01,-1.099205143500170956e-01,-1.225917074536890111e-01
-1.510923501404196068e-01,-1.092430278870897831e-01,-1.222932967013492661e-01
-1.504954887388915696e-01,-1.084263149695546269e-01,-1.223093526167549905e-01
-1.497552866088708856e-01,-1.075510233069923438e-01,-1.223665973759725384e-01
-1.489401904503389606e-01,-1.065830172614555260e-01,-1.225239858603400511e-01
-1.481529786880523836e-01,-1.057854262265132683e-01,-1.224574101792583192e-01
-1.475368267124060329e-01,-1.047067982502941086e-01,-1.224625084896076299e-01
-1.470702047861577877e-01,-1.035458938150522479e-01,-1.224628417299662431e-01
-1.462273287927991494e-01,-1.028684328942533477e-01,-1.223741149372558623e-01
-1.456543632354848072e-01,-1.020502827684928726e-01,-1.222962883838423359e-01
-1.451065660209596708e-01,-1.013733129047600934e-01,-1.220023271960718469e-01
-1.446896119506876910e-01,-1.006144521820382942e-01,-1.217351108008993266e-01
-1.442056354315258138e-01,-9.985851172525667119e-02,-1.214959134603429414e-01
-1.435335919410503647e-01,-9.893211086431691337e-02,-1.215085867201098069e-01
-1.428225254067133076e-01,-9.794636981091336958e-02,-1.215583106798621693e-01
-1.421926824915155652e-01,-9.671680746961591746e-02,-1.216165658414387063e-01
-1.416218615062324049e-01,-9.567046864238332171e-02,-1.216772022224034688e-01
-1.410968054375712488e-01,-9.464202743726574107e-02,-1.218486096006644731e-01
-1.405128505446954779e-01,-9.371212842240922436e-02,-1.214161202066871836e-01
-1.400878388371980532e-01,-9.287319017439404911e-02,-1.209092442048901594e-01
-1.396695932921938055e-01,-9.205213939012463209e-02,-1.205383380578330804e-01
-1.391514936641243261e-01,-9.108370477712274260e-02,-1.204241755225655547e-01
-1.388718210780428008e-01,-8.970892088748844140e-02,-1.206888755095296001e-01
-1.380554099414674218e-01,-8.856090347775907867e-02,-1.206636428777060344e-01
-1.371810635550054225e-01,-8.737633771582903330e-02,-1.207786435212473697e-01
-1.367001124128900957e-01,-8.632314993363948696e-02,-1.208217185702187696e-01
-1.362421243792306114e-01,-8.539724354485894731e-02,-1.204832417261239991e-01
-1.358306909799888440e-01,-8.476653963336083786e-02,-1.201453592936810311e-01
-1.353308323636773225e-01,-8.379543909899173082e-02,-1.200230580230992189e-01
-1.348164618864645115e-01,-8.275861770110154447e-02,-1.201322505484979791e-01
-1.344365725624581676e-01,-8.179108547897367965e-02,-1.200780590416612864e-01
-1.340580106166917029e-01,-8.088323940573044490e-02,-1.199149644710225115e-01
-1.333871519196005440e-01,-7.965554974143224110e-02,-1.200950240784215972e-01
-1.328815011785771660e-01,-7.849377771509274959e-02,-1.203279799412572126e-01
-1.323303263697799825e-01,-7.720592921737573500e-02,-1.204631128371464327e-01
-1.321223297053981116e-01,-7.596538965924232167e-02,-1.202673672099082852e-01
-1.317609965159627916e-01,-7.481973898245147803e-02,-1.201139479472266014e-01
-1.312096203355808677e-01,-7.351070383486174586e-02,-1.201536080903294612e-01
-1.308008706913477703e-01,-7.220245871401914650e-02,-1.202990689751455011e-01
-1.304353749588393341e-01,-7.083779711720300520e-02,-1.203446307437795182e-01
-1.301508903195464639e-01,-6.973243009832913453e-02,-1.202434576852090542e-01
-1.299369004555557816e-01,-6.851733749809479912e-02,-1.201836975769476068e-01
-1.294303311289708991e-01,-6.729932845636238392e-02,-1.203137874445567301e-01
-1.287832989787471294e-01,-6.588759545142913732e-02,-1.205291679582491393e-01
-1.283891789364907665e-01,-6.450755048186135321e-02,-1.208148733655396434e-01
-1.283536117777380192e-01,-6.342157178837354303e-02,-1.205544000904034962e-01
-1.281131373553794917e-01,-6.216557028363883797e-02,-1.205762735684591386e-01
-1.278592194294501661e-01,-6.107597822910243446e-02,-1.204946913408266179e-01
-1.271499984755703472e-01,-5.990321165590511976e-02,-1.206423029208426728e-01
-1.269346126489913629e-01,-5.874478824543644118e-02,-1.205959567023367485e-01
-1.269100779794256062e-01,-5.751360148693290819e-02,-1.205341096610278717e-01
-1.265611481257167825e-01,-5.618952153411133077e-02,-1.206705099492693389e-01
-1.262113143130826898e-01,-5.483001661206948762e-02,-1.210389191798470071e-01
-1.256344641550572461e-01,-5.346615441054730633e-02,-1.213409493115632370e-01
-1.254380456962509993e-01,-5.249177361284701471e-02,-1.211464103038114026e-01
-1.255020120381643012e-01,-5.148666082405523037e-02,-1.209187231504354199e-01
-1.253898709236971887e-01,-5.026844536164137844e-02,-1.208932411404780582e-01
-1.250900672204935948e-01,-4.932979753537974910e-02,-1.209690008831925540e-01
-1.249967149304042624e-01,-4.770563090613105794e-02,-1.217235086024755775e-01
-1.244941462649239994e-01,-4.666932275002416697e-02,-1.216374901893515353e-01
-1.246500882721818804e-01,-4.552883844984695338e-02,-1.213099550133033416e-01
-1.245310886390755267e-01,-4.443507412845232318e-02,-1.212693390521790565e-01
-1.242447717251735084e-01,-4.328116634952078323e-02,-1.216738550033866217e-01
-1.238281273205154576e-01,-4.221809797661318919e-02,-1.220415988012371472e-01
-1.236845470786033796e-01,-4.079043387581166025e-02,-1.220520864120350352e-01
-1.234197603807117294e-01,-3.969372887263716843e-02,-1.221222382567886816e-01
-1.236187180163357824e-01,-3.869451805519258381e-02,-1.218569217954275224e-01
-1.237010863912439418e-01,-3.753936584869915771e-02,-1.219764450603674499e-01
-1.239158943203063079e-01,-3.619025481398768784e-02,-1.229272795743905494e-01
-1.234015424683364004e-01,-3.521799867245661853e-02,-1.227510862748950604e-01
-1.233400489169425573e-01,-3.389808359825569051e-02,-1.229029329338413579e-01
-1.230554516700864132e-01,-3.265913466217501560e-02,-1.235234000440197377e-01
-1.230486625358475083e-01,-3.166690766881480323e-02,-1.231575739042648499e-01
-1.232400111745546867e-01,-3.034864069356008054e-02,-1.238008439954865758e-01
-1.231382277607360742e-01,-2.960168627329423652e-02,-1.232687038476761310e-01
-1.231247852733093340e-01,-2.861701321810944387e-02,-1.231352484562211747e-01
-1.230094106764629269e-01,-2.767736688879779416e-02,-1.229019972408965100e-01
-1.226916037523992364e-01,-2.669853320143250608e-02,-1.229509359109526856e-01
-1.228102044045440988e-01,-2.548872733458523721e-02,-1.230151492849377720e-01
-1.229942988263098003e-01,-2.432051715301458694e-02,-1.236662164844760520e-01
-1.231622732742675974e-01,-2.336650901344189402e-02,-1.235577069473452888e-01
-1.232905782662808147e-01,-2.231681916379330000e-02,-1.234990240585563254e-01
-1.234149202590748007e-01,-2.129988242813368737e-02,-1.236755352806862551e-01
-1.232636809257203203e-01,-2.005401762370390140e-02,-1.243276158022920685e-01
-1.233643741904349445e-01,-1.896544690671803091e-02,-1.241377136662120684e-01
-1.233846483487547885e-01,-1.801096127126072810e-02,-1.240241151714566448e-01
-1.234999666085289660e-01,-1.708219744884026392e-02,-1.240104637022148293e-01
-1.237392615017412489e-01,-1.614290123192546611e-02,-1.243743097749926974e-01
-1.238825830542472084e-01,-1.532000995805887777e-02,-1.242766392003447490e-01
-1.240225413269893662e-01,-1.426995126683966442e-02,-1.248118126486223445e-01
-1.241541689019251549e-01,-1.342538429884193585e-02,-1.242632625463974960e-01
-1.242921414285289017e-01,-1.251542063644756064e-02,-1.244921313405678437e-01
-1.247806953321160539e-01,-1.133549890176915875e-02,-1.252296693073393363e-01
-1.250654929504930180e-01,-1.040466834041314792e-02,-1.256065515123720167e-01
-1.251211094265382573e-01,-9.762038153738716861e-03,-1.251553092750174179e-01
-1.253232967746142346e-01,-8.869652078939582740e-03,-1.252820485471891065e-01
-1.254935900876190114e-01,-7.826507723895981261e-03,-1.254199024697859599e-01
-1.259477796393312921e-01,-6.798769234017287832e-03,-1.257982251071420032e-01
-1.262945849489569006e-01,-5.707961946709583234e-03,-1.267018339124690862e-01
-1.264950526474055148e-01,-5.013768284702957434e-03,-1.264115956690130271e-01
-1.269929681530495569e-01,-3.901027045446314734e-03,-1.270203546577708675e-01
-1.272161846638144023e-01,-3.142118694929474376e-03,-1.269115931333149316e-01
-1.275631930411948445e-01,-2.309174052631812746e-03,-1.270744390322357809e-01
-1.279732871814077133e-01,-1.669006175336884557e-03,-1.271642517615994561e-01
-1.285509153728546239e-01,-9.649814546884294408e-04,-1.272640005777226357e-01
-1.289026464633023505e-01,-1.198457027560828614e-04,-1.274787845889988613e-01
-1.292341388949518888e-01,7.315533983613398128e-04,-1.277699346101677236e-01
-1.296457307861266783e-01,1.429143689429535069e-03,-1.279818472173666066e-01
-1.305673413317312570e-01,2.398173297863903652e-03,-1.287803921786127570e-01
-1.311524368583665834e-01,3.219197482879854189e-03,-1.291808835709717107e-01
-1.315653146729457990e-01,4.002572347973687439e-03,-1.294756987226967637e-01
-1.320850377460622282e-01,4.527530540513635682e-03,-1.292063742187928299e-01
-1.328421306169625393e-01,5.043670611097395007e-03,-1.292637147717232704e-01
-1.334613299685222798e-01,5.579460508152001008e-03,-1.294897057524238559e-01
-1.341324805050472802e-01,6.006383421777561349e-03,-1.297494161212081332e-01
-1.349698005564756165e-01,6.862707092450681667e-03,-1.306331982855973850e-01
-1.356345648705466478e-01,7.334581297346820516e-03,-1.304489398561957114e-01
-1.362080581099463505e-01,7.772927349458169655e-03,-1.306779285506760591e-01
-1.368031320925014449e-01,8.409765984777661796e-03,-1.311625043145454583e-01
-1.375190477454553695e-01,9.068351390375928300e-03,-1.318067589331579081e-01
-1.382547245716698181e-01,9.568465198679765304e-03,-1.321431306029616226e-01
-1.390439660041122294e-01,1.013785444813336545e-02,-1.325126290474240298e-01
-1.398150843151791389e-01,1.050757376103866880e-02,-1.328691146621377162e-01
-1.405698858609847890e-01,1.087702344143476330e-02,-1.334114089454180863e-01
-1.416044834273949005e-01,1.153888020256171876e-02,-1.342630421556546549e-01
-1.423411535193877531e-01,1.206873798348023774e-02,-1.346765208521856771e-01
-1.432191269422750657e-01,1.243930624022965281e-02,-1.351427498612665645e-01
-1.441904970586040391e-01,1.274415885241125812e-02,-1.356468581820287622e-01
-1.449707814871674105e-01,1.255085345317968892e-02,-1.354652412408048345e-01
-1.459862792333616599e-01,1.283933019783795038e-02,-1.363192800413784433e-01
-1.470248649386553530e-01,1.315761652632069234e-02,-1.369472322005741705e-01
-1.479556742964692195e-01,1.346574426785401846e-02,-1.372769590625274039e-01
-1.488578046535742883e-01,1.348163071127700396e-02,-1.376275912496323084e-01
-1.498385280575374456e-01,1.322699710601898948e-02,-1.376527265301883129e-01
-1.510341097589790738e-01,1.367035598430493826e-02,-1.385898189276912607e-01
-1.519167788914070338e-01,1.372896814607521554e-02,-1.387087900501081383e-01
-1.527331249405417535e-01,1.369287439041894094e-02,-1.390065065609508432e-01
-1.536927518728604114e-01,1.357462423212613123e-02,-1.392338273839320573e-01
-1.546935271937986411e-01,1.352844606861086652e-02,-1.396852969959774815e-01
-1.554109738456921908e-01,1.345757190240565171e-02,-1.400290589650374784e-01
-1.564364133419779423e-01,1.358153255787403202e-02,-1.405096438036315398e-01
-1.574895318501912667e-01,1.395981843901722419e-02,-1.414783711798760502e-01
-1.585342571160989755e-01,1.424089197253891603e-02,-1.420248088308194434e-01
-1.597314392205786970e-01,1.452229180059866342e-02,-1.424763976340227001e-01
-1.608261117760832470e-01,1.451766006417137822e-02,-1.427843177870454505e-01
-1.617731195217076423e-01,1.438555991086992725e-02,-1.432340338635830213e-01
-1.627248327046849075e-01,1.405541352689126944e-02,-1.433643779326758128e-01
-1.634292314802900381e-01,1.392708660126590337e-02,-1.438770929261159182e-01
-1.643496224141042794e-01,1.388083060895389798e-02,-1.443505499573748685e-01
-1.652882822923267825e-01,1.395247472760136054e-02,-1.449050058648246320e-01
-1.663500663135846769e-01,1.396243262218138659e-02,-1.453325654118559351e-01
-1.676928959121263829e-01,1.409960507047663958e-02,-1.461061868843509248e-01
-1.689209600034592973e-01,1.408847510848459939e-02,-1.460355946053572551e-01
-1.705932994480579556e-01,1.419937980463753524e-02,-1.462201606182681746e-01
-1.720751278428615527e-01,1.417910921364956556e-02,-1.463533790874490259e-01
-1.731916294092530895e-01,1.410864241093751081e-02,-1.466325299245917202e-01
-1.741542479332682247e-01,1.396855511695477281e-02,-1.467859061080500627e-01
-1.754443265243540995e-01,1.415003915761520181e-02,-1.476415616679053466e-01
-1.764630783788387336e-01,1.389028571179945493e-02,-1.474901695785018063e-01
-1.775368637353643142e-01,1.372252707665427840e-02,-1.477988551978204335e-01
-1.786165160571612787e-01,1.338568047235483283e-02,-1.482140245713782500e-01
-1.796279496810537224e-01,1.311810872972379860e-02,-1.486611860653631878e-01
-1.806294953061051145e-01,1.290517973160149046e-02,-1.491809750949035507e-01
-1.818758411262346164e-01,1.289883265069974305e-02,-1.500328112402636027e-01
-1.830975905203135468e-01,1.255566454033057999e-02,-1.499518966876637327e-01
-1.843136174974227548e-01,1.218447485853729750e-02,-1.499620303635103846e-01
-1.856132150069502162e-01,1.210883055696981847e-02,-1.503031331913018132e-01
-1.864194568355809767e-01,1.170491667960810167e-02,-1.504763580544004609e-01
-1.876710599558212844e-01,1.154933426670318175e-02,-1.508251004453455280e-01
-1.887179918152205871e-01,1.118996924108411894e-02,-1.510158246305554619e-01
-1.896176236034511908e-01,1.064934209718820801e-02,-1.512824154537587562e-01
-1.910690970286737511e-01,1.058612602591807450e-02,-1.523549954202255974e-01
-1.922353125538046048e-01,1.011219551397196659e-02,-1.527494436662450161e-01
-1.933199838246054125e-01,9.655486189898920824e-03,-1.526495719500720605e-01
-1.942872522861514573e-01,9.064550867130483081e-03,-1.527439056523826333e-01
-1.952125923666381824e-01,8.474353565422310108e-03,-1.531647677025198828e-01
-1.961987575756983238e-01,7.811280233498363312e-03,-1.535408067817472799e-01
-1.973869944705727852e-01,7.174090798241328226e-03,-1.539059848500135275e-01
-1.983261621692197774e-01,6.704708840711892659e-03,-1.543557041928697027e-01
-1.993308923390319509e-01,6.095144821612163977e-03,-1.549247593426516800e-01
-2.003879862273544865e-01,5.362874239361159479e-03,-1.551787259915505812e-01
-2.016801548350364848e-01,4.833281922597298941e-03,-1.556401557802060132e-01
-2.027690389776293789e-01,3.979849826832582149e-03,-1.559222138049218276e-01
-2.036632132443720322e-01,3.053913785232287292e-03,-1.564673681449998688e-01
-2.047601401713189939e-01,2.414668330403768604e-03,-1.567986836412229301e-01
-2.058092965647930206e-01,1.714963335386732179e-03,-1.571784055454401585e-01
-2.067943734955658974e-01,9.431600918187732496e-04,-1.575246348148016950e-01
-2.077575579421302998e-01,3.080873757234647847e-04,-1.580052021051781830e-01
-2.087939283967608639e-01,-2.454681919546453095e-04,-1.584617428438082343e-01
-2.096182071316066708e-01,-1.292462538288463580e-03,-1.586798857527892681e-01
-2.107828776023336625e-01,-2.158409536714034349e-03,-1.591594926435894453e-01
-2.117243546148210309e-01,-2.988688006401007957e-03,-1.596807563512865624e-01
-2.128086648428424987e-01,-3.746375111870536845e-03,-1.602604819807988690e-01
-2.136501050656394729e-01,-4.750255565591887663e-03,-1.604906410918381932e-01
-2.146409337851885035e-01,-5.490655198975569196e-03,-1.611555574377537547e-01
-2.155925832313418389e-01,-6.398075871858532881e-03,-1.615541650853913325e-01
-2.164593827574162188e-01,-7.340792157600584122e-03,-1.619452194484514718e-01
-2.172497789462864426e-01,-8.228624528834382890e-03,-1.625827716756199637e-01
-2.182493355879961405e-01,-9.102086379711382680e-03,-1.634241581904229690e-01
-2.192481936018328414e-01,-9.932728167457549606e-03,-1.638552127313559759e-01
-2.200528888147277873e-01,-1.091399243973306676e-02,-1.638257241363026417e-01
-2.209801671058773676e-01,-1.190358599253876770e-02,-1.644106626723502440e-01
-2.221892631735023493e-01,-1.252181851950823210e-02,-1.647680215931635883e-01
-2.230478120433955769e-01,-1.317026630882939253e-02,-1.651831299949174936e-01
-2.239324608763968993e-01,-1.367116183321975820e-02,-1.660497135353297682e-01
-2.248767729061042497e-01,-1.449692649897343921e-02,-1.660622455333018443e-01
-2.258554682294244276e-01,-1.482996046044210425e-02,-1.668982180756967137e-01
-2.265952248086620657e-01,-1.574247406879575317e-02,-1.669393313874796281e-01
-2.273465771766446930e-01,-1.662302746439753287e-02,-1.673361879329934854e-01
-2.281660769085621099e-01,-1.733984300960994540e-02,-1.681479642719030387e-01
-2.288039873752145126e-01,-1.818600100169259770e-02,-1.687390312793908553e-01
-2.296127159986018351e-01,-1.921264067151501331e-02,-1.692229121666484204e-01
-2.302907211035564727e-01,-2.010418525118812250e-02,-1.698627975643224597e-01
-2.310629610870446604e-01,-2.094058693191641618e-02,-1.705090083509013810e-01
-2.318496845080335045e-01,-2.189269252979159086e-02,-1.709211879224852570e-01
-2.327201061124792303e-01,-2.261317859002037745e-02,-1.715042062375117526e-01
-2.334608932329571007e-01,-2.322686769335607915e-02,-1.721707465486653765e-01
-2.341992866834124443e-01,-2.409666716772523865e-02,-1.725091465463904905e-01
-2.348606935751626490e-01,-2.490488659296069551e-02,-1.729748108726335831e-01
-2.358352204871147495e-01,-2.527234524232252477e-02,-1.737406002468798449e-01
-2.365451835827114269e-01,-2.595097565132370443e-02,-1.741774174048870971e-01
-2.371016787649156687e-01,-2.692659553738835365e-02,-1.744443595599208530e-01
-2.380053052394422441e-01,-2.761120521475707301e-02,-1.748536677185941191e-01
-2.386279682567947202e-01,-2.825484746683276649e-02,-1.753745159495364858e-01
-2.395726652475398955e-01,-2.904660192656610684e-02,-1.757423909595035305e-01
-2.402539525084957384e-01,-2.999617418514827216e-02,-1.760688562588825223e-01
-2.408146087723773143e-01,-3.052153637281979082e-02,-1.766423555894597042e-01
-2.413135417763369595e-01,-3.112282583716080575e-02,-1.773543532008965695e-01
-2.421053535642599397e-01,-3.183054082324204836e-02,-1.779235577375786748e-01
-2.427889664263647718e-01,-3.261628458260595886e-02,-1.783559847469014803e-01
-2.435638369645276025e-01,-3.320735801460955594e-02,-1.788243423198186410e-01
-2.443160447494214238e-01,-3.394494933269648351e-02,-1.794374205200603145e-01
-2.448169319952201994e-01,-3.503011482172763147e-02,-1.797385431797560162e-01
-2.456463559987040468e-01,-3.565430249104789562e-02,-1.804088334129059501e-01
-2.462665320923720924e-01,-3.638417984724956478e-02,-1.807444376027236566e-01
-2.470154024687233885e-01,-3.731325053296480343e-02,-1.810796455048940823e-01
-2.476874979752944905e-01,-3.807020356451090715e-02,-1.816018488154092780e-01
-2.485916686220731031e-01,-3.874714815260699163e-02,-1.822090444499074036e-01
-2.493173551082698558e-01,-3.954398896580496592e-02,-1.825107755134171006e-01
-2.500266514297715958e-01,-4.043538744038205346e-02,-1.830019188014211373e-01
-2.505306373508255358e-01,-4.117334542539957676e-02,-1.837666178035839981e-01
-2.511420466199520418e-01,-4.186116285746749321e-02,-1.842881563915024778e-01
-2.517859812401239128e-01,-4.275230876933605595e-02,-1.846830017806032342e-01
-2.524052721836264612e-01,-4.349757231794321166e-02,-1.851899419166004312e-01
-2.530025305895208798e-01,-4.425787451768986580e-02,-1.855291921134076538e-01
-2.536668602061282196e-01,-4.518452109328535693e-02,-1.858999542618521295e-01
-2.543331753881465374e-01,-4.602962492273882100e-02,-1.864750576511794711e-01
-2.551750469315782754e-01,-4.671557718099844658e-02,-1.868078733715035078e-01
-2.559802996304675893e-01,-4.750425015324882816e-02,-1.872025919309645847e-01
-2.566533452300408524e-01,-4.827059409457806760e-02,-1.879977210954091593e-01
-2.573566890677969066e-01,-4.906840021971575760e-02,-1.882357675545234810e-01
-2.580292561019002506e-01,-4.993065538536495263e-02,-1.886326234365316157e-01
-2.587865783984623635e-01,-5.085405143883164891e-02,-1.890320235453755715e-01
-2.593184031171064663e-01,-5.171491483063445083e-02,-1.894514984867952112e-01
-2.597093790981017114e-01,-5.257851339872182672e-02,-1.899370126218818122e-01
-2.605026625596832957e-01,-5.341777008424536399e-02,-1.904783652303287389e-01
-2.614739046052583782e-01,-5.442577149785027268e-02,-1.905362544598446783e-01
-2.624191336167485677e-01,-5.520385338168104505e-02,-1.908129357939783166e-01
-2.631673139509797532e-01,-5.604339499075777775e-02,-1.911092079794201593e-01
-2.640274571609231846e-01,-5.675387816490001791e-02,-1.917158033331924916e-01
-2.648488360213218651e-01,-5.755133050603650213e-02,-1.919988457184236830e-01
-2.656149193970409050e-01,-5.843521160447778806e-02,-1.921955722815274215e-01
-2.663920757194761513e-01,-5.933052638820562885e-02,-1.925672003696735080e-01
-2.671789139002525570e-01,-6.028442477515266740e-02,-1.930586311368247543e-01
-2.678666974996615768e-01,-6.136010803538344272e-02,-1.932242571570472744e-01
-2.688149531821958926e-01,-6.221003635293304024e-02,-1.934592525398603768e-01
-2.696229560186707563e-01,-6.295839664909635980e-02,-1.937473785220121536e-01
-2.706038161723141600e-01,-6.396027634656370475e-02,-1.938743807513506057e-01
-2.712770890095034804e-01,-6.471677768033817779e-02,-1.945442960652773445e-01
-2.720411868738993877e-01,-6.550655144331646307e-02,-1.949220671101394575e-01
-2.726160797812276493e-01,-6.629788734121305760e-02,-1.953755032368278965e-01
-2.732460889588726460e-01,-6.715785749637209756e-02,-1.960646156894788883e-01
-2.740126690207982940e-01,-6.805158645833359055e-02,-1.963825783913077383e-01
-2.745261331644109348e-01,-6.880902364422031292e-02,-1.971114486288998435e-01
-2.754247657709279484e-01,-6.972208005190122515e-02,-1.971014080692203851e-01
-2.763066852605211010e-01,-7.047107180077333277e-02,-1.971803249687995863e-01
-2.772029412318389174e-01,-7.128040289916320882e-02,-1.974194852674662493e-01
-2.780712774464399462e-01,-7.215992189933878587e-02,-1.976213497669966901e-01
-2.789358900477672543e-01,-7.293597627063480582e-02,-1.978396444574244406e-01
-2.799039403056731712e-01,-7.348501609514329624e-02,-1.982908751065994846e-01
-2.808199543165967316e-01,-7.417516003358720633e-02,-1.986398979436164725e-01
-2.816152641066907436e-01,-7.494321307837520374e-02,-1.990609101742875087e-01
-2.825426008137344458e-01,-7.594116316401372524e-02,-1.991486620674702002e-01
-2.833447169897093665e-01,-7.668701183257337073e-02,-1.995041768243749902e-01
-2.842067806726313317e-01,-7.745306474084184822e-02,-2.000607715267449793e-01
-2.848156848346581893e-01,-7.822808121449181806e-02,-2.003960150066546042e-01
-2.856114960637697320e-01,-7.883437115966135389e-02,-2.012334105174126697e-01
-2.863709341002483311e-01,-7.968656394358092365e-02,-2.017753656202474211e-01
-2.871593003398688615e-01,-8.049698351244277683e-02,-2.021818774733209201e-01
-2.880785363831705470e-01,-8.124823320081425715e-02,-2.027612889203082303e-01
-2.890275253330062966e-01,-8.213791825970556681e-02,-2.030867916344361868e-01
-2.900351891336223065e-01,-8.320101722842970782e-02,-2.032018895091114163e-01
-2.908931687138515687e-01,-8.388066038417069104e-02,-2.039286553971816074e-01
-2.918468264970187076e-01,-8.463586912848303223e-02,-2.043776152141662250e-01
-2.926350364082598854e-01,-8.572636553211104848e-02,-2.043008994058689853e-01
-2.933303935635758752e-01,-8.634145690940148166e-02,-2.053232740663740452e-01
-2.939246019448979452e-01,-8.698793761240569689e-02,-2.059907271278488550e-01
-2.946419875722600668e-01,-8.789341786383403354e-02,-2.061065793207229602e-01
-2.955328619888370478e-01,-8.872153817451305935e-02,-2.068256817968034122e-01
-2.965063426473433794e-01,-8.914177952763552293e-02,-2.073784970114966875e-01
-2.968923240712484923e-01,-9.030620764471436468e-02,-2.079396643317910631e-01
-2.978211302726727072e-01,-9.127750659271122169e-02,-2.083096357070580440e-01
-2.988345086693516284e-01,-9.185537375649627245e-02,-2.087885868860046845e-01
-2.993927951349551475e-01,-9.260696817586705487e-02,-2.093953757877139721e-01
-3.000088690608282982e-01,-9.312918452405810621e-02,-2.100582402669206872e-01
-3.006687565811931306e-01,-9.362537928141506649e-02,-2.107258805965294690e-01
-3.017371941930328538e-01,-9.396434492451494203e-02,-2.111083726234589397e-01
-3.027127436318249321e-01,-9.465821814773850429e-02,-2.113495578559858312e-01
-3.035230732819805266e-01,-9.566022418774139391e-02,-2.116051301828607012e-01
-3.043534316274491558e-01,-9.621200275230329391e-02,-2.121253629729156487e-01
-3.051086459863720513e-01,-9.673911978103749698e-02,-2.126042018462956651e-01
-3.057867895680064785e-01,-9.739212280547310252e-02,-2.132370133643238519e-01
-3.063318701574396230e-01,-9.784237813566903919e-02,-2.139062612616931258e-01
-3.070159892122659717e-01,-9.813869551470283392e-02,-2.145031240409668305e-01
-3.075851005410253358e-01,-9.854547559556575687e-02,-2.153247005177072182e-01
-3.084633221017858973e-01,-9.904077096603508545e-02,-2.157855196646295548e-01
-3.091820298419508117e-01,-9.981660385575935601e-02,-2.163459560787857894e-01
-3.101148012752588667e-01,-1.003206009609907690e-01,-2.168414231830025907e-01
-3.111314314300192563e-01,-1.006551185732474374e-01,-2.172472060307997777e-01
-3.120535636178197181e-01,-1.012544846694969913e-01,-2.178093617455384712e-01
-3.124441004244988274e-01,-1.018269620517436302e-01,-2.185213310513722806e-01
-3.131318254152877789e-01,-1.018996813099995458e-01,-2.190799244686053027e-01
-3.140452661975501880e-01,-1.019409783938028391e-01,-2.197207208949997492e-01
-3.148880611786796790e-01,-1.023097824664290223e-01,-2.201803423564012152e-01
-3.157112963088909985e-01,-1.027410299462468424e-01,-2.208863101365622084e-01
-3.165241171576068102e-01,-1.031411738935044675e-01,-2.216081049786254864e-01
-3.174611328329896565e-01,-1.036683103982514731e-01,-2.223663702562930500e-01
-3.184454722538488380e-01,-1.045183964703234047e-01,-2.227073629468938887e-01
-3.192430301888490862e-01,-1.052854980802285234e-01,-2.233699087774049796e-01
-3.199593556904858915e-01,-1.059395581418916543e-01,-2.240428024557104547e-01
-3.205715732504921811e-01,-1.064478120409986794e-01,-2.250008392100624477e-01
-3.212577133253949335e-01,-1.070593366961297144e-01,-2.257649735874953378e-01
-3.219743339877076393e-01,-1.075957051540253340e-01,-2.265813210152277934e-01
-3.225786499983864242e-01,-1.080455517250409891e-01,-2.276481174231667071e-01
-3.234205724432629991e-01,-1.088013736072147020e-01,-2.281000580282437351e-01
-3.243519009525099306e-01,-1.094655384386933883e-01,-2.288818765617146589e-01
-3.252120041711106802e-01,-1.101067708614134610e-01,-2.295699120392909187e-01
-3.260744633901280776e-01,-1.107511696275902957e-01,-2.301969385037784255e-01
-3.269459010161475665e-01,-1.112847330154616565e-01,-2.310846158142281781e-01
-3.276748634584641384e-01,-1.118988330278241627e-01,-2.317441486387555316e-01
-3.283594832444510225e-01,-1.124003804795080108e-01,-2.324922503772169913e-01
-3.292110775180133175e-01,-1.128015377413623122e-01,-2.333127901900876044e-01
-3.299576211058183328e-01,-1.134508796275227049e-01,-2.339610814477049716e-01
-3.308887830204722547e-01,-1.140112552435553206e-01,-2.345494807823269023e-01
-3.317692358772925121e-01,-1.144761893799768893e-01,-2.351764193156327121e-01
-3.327161534066978565e-01,-1.148977634218569244e-01,-2.357521714081420305e-01
-3.334805744051206333e-01,-1.152820326565727194e-01,-2.365467811413559940e-01
-3.342554035348778707e-01,-1.157388847618024408e-01,-2.371868409302990144e-01
-3.349839003168348373e-01,-1.162111104070207568e-01,-2.378651905973363789e-01
-3.357231357485538914e-01,-1.166450621307100755e-01,-2.387132874553417883e-01
-3.366091073897334307e-01,-1.170119312594475880e-01,-2.394038818447332684e-01
-3.374281968825126321e-01,-1.173925148093473703e-01,-2.402215767047118922e-01
-3.380799709915410234e-01,-1.176469181362410077e-01,-2.412770380628311284e-01
-3.388500596607506021e-01,-1.178952041819277263e-01,-2.419158404644698446e-01
-3.398272791455744790e-01,-1.184077512243840169e-01,-2.422415910424327024e-01
-3.406735404845327442e-01,-1.187726884134386318e-01,-2.426473133914508751e-01
-3.414779687097697081e-01,-1.190612901043919813e-01,-2.431527156563132452e-01
-3.421798214740129906e-01,-1.191825498345440715e-01,-2.439509637555195565e-01
-3.429358373220866008e-01,-1.193946511361053120e-01,-2.445368061401722026e-01
-3.436270129067506285e-01,-1.196569534454413053e-01,-2.451326589089059538e-01
-3.444443467231696476e-01,-1.200814758361344325e-01,-2.459094303086297173e-01
-3.453061987559881696e-01,-1.204967762927942609e-01,-2.465240550227992267e-01
-3.461380349934931044e-01,-1.209646892395253581e-01,-2.472425686984112414e-01
-3.470033141197878535e-01,-1.215108929128754789e-01,-2.476140486571051513e-01
-3.481299043466908327e-01,-1.222765696679615766e-01,-2.479871810046561931e-01
-3.491421415655184268e-01,-1.229011878054611651e-01,-2.485825065871239414e-01
-3.499492628409087147e-01,-1.234592154351071280e-01,-2.489533226682417721e-01
-3.506257810782520967e-01,-1.237798357105358016e-01,-2.494193925122734357e-01
-3.513011178260327383e-01,-1.240758856922795084e-01,-2.502185190925800828e-01
-3.520566837109332936e-01,-1.244987231189314536e-01,-2.507171081286972414e-01
-3.525648339371278417e-01,-1.246302141064457580e-01,-2.514024654286972638e-01
-3.532863534203693479e-01,-1.246345533858846388e-01,-2.520013990055470776e-01
-3.540154727594993500e-01,-1.246208381267340237e-01,-2.524690543041816504e-01
-3.547716568466010023e-01,-1.248316918693280209e-01,-2.528347567318505740e-01
-3.555612987910649614e-01,-1.250159807330360473e-01,-2.536841067886716483e-01
-3.562705259761611010e-01,-1.253061316335038478e-01,-2.538946850498980390e-01
-3.570283223804364137e-01,-1.255802095729215417e-01,-2.545995437037240627e-01
-3.576288619545915926e-01,-1.260444416639364129e-01,-2.549494477109174873e-01
-3.583617215411746826e-01,-1.264661598570904766e-01,-2.553895496583415414e-01
-3.590534597511741421e-01,-1.269545870801827570e-01,-2.558514797015613018e-01
-3.596540717902318440e-01,-1.272570928800012546e-01,-2.564724403560718624e-01
-3.602029191413525511e-01,-1.274858718220417964e-01,-2.571705650460855974e-01
-3.607357010303929301e-01,-1.277307707423092631e-01,-2.576587194306714235e-01
-3.612924991020289300e-01,-1.279438178129495562e-01,-2.581995414521973120e-01
-3.617596388482690606e-01,-1.281496358222092291e-01,-2.588997526730826282e-01
-3.623015432655996571e-01,-1.283984500349171776e-01,-2.593178429373143579e-01
-3.629353839003389148e-01,-1.285802859122600617e-01,-2.597616681535260819e-01
-3.635611340268813385e-01,-1.289206702363042134e-01,-2.600211488933403814e-01
-3.639930291640919857e-01,-1.292788423209594861e-01,-2.606963290252405918e-01
-3.647318563677042769e-01,-1.297809416340887645e-01,-2.610115446050819688e-01
-3.655824381838453374e-01,-1.302979445565806693e-01,-2.613739138289604136e-01
-3.661955077440193773e-01,-1.306158471864500847e-01,-2.620138022349847717e-01
-3.668962410899140880e-01,-1.310322544896487806e-01,-2.624424324216980686e-01
-3.675026280517482147e-01,-1.313925844627737427e-01,-2.627828183234183212e-01
-3.680362792093463953e-01,-1.317537950489363063e-01,-2.632182566856579031e-01
-3.686973276432233271e-01,-1.320004037899438765e-01,-2.638209377211588325e-01
-3.692950484216894202e-01,-1.323367144581638066e-01,-2.641749149683629838e-01
-3.698855284624083528e-01,-1.327121657700334745e-01,-2.645245777011215327e-01
-3.704182273624757049e-01,-1.331201432548670405e-01,-2.651479425005580093e-01
-3.709095375447109544e-01,-1.335324361134380688e-01,-2.657629870010764783e-01
-3.714160303980822975e-01,-1.339422722205046434e-01,-2.661317632687981716e-01
-3.720910873940317942e-01,-1.344285155402027976e-01,-2.664538156725323459e-01
-3.728023702975842846e-01,-1.349939389686310443e-01,-2.667414735362545475e-01
-3.732804613570809837e-01,-1.355778258864526742e-01,-2.672449782845360833e-01
-3.738878630287322813e-01,-1.360606154013149216e-01,-2.675693111068634944e-01
-3.745111023815193563e-01,-1.365896218509737303e-01,-2.678424077312085982e-01
-3.749580764814702261e-01,-1.368199972690518629e-01,-2.684574984461222669e-01
-3.753879485003046024e-01,-1.370726100498945166e-01,-2.690684634160443456e-01
-3.758084702725498771e-01,-1.374011395807906433e-01,-2.696579836244528128e-01
-3.762088721270360758e-01,-1.377800817412740408e-01,-2.702483217231533286e-01
-3.767108938141967012e-01,-1.380850982377466729e-01,-2.709449606947895162e-01
-3.771398650631876959e-01,-1.383192485496028135e-01,-2.715713813749915939e-01
-3.777441207139503043e-01,-1.387117879827877709e-01,-2.719779585700909941e-01
-3.782821326618616697e-01,-1.390296033058758263e-01,-2.725891291185472132e-01
-3.787780985515280530e-01,-1.394783356420128961e-01,-2.730445898636247315e-01
-3.792636926407658149e-01,-1.397682463247798546e-01,-2.734488770335525287e-01
-3.795549614822325002e-01,-1.400667184500501983e-01,-2.740117675126853558e-01
-3.799613364340558852e-01,-1.404200379895717554e-01,-2.744254773669031477e-01
-3.804587540765578813e-01,-1.408157563482937413e-01,-2.748958313505517892e-01
-3.809796711839253391e-01,-1.412991047373668985e-01,-2.755201789624407982e-01
-3.813485741093964321e-01,-1.415787323932780617e-01,-2.761616055622089227e-01
-3.817593684531480069e-01,-1.418649916649240006e-01,-2.767142254640670984e-01
-3.821535281535996531e-01,-1.420578200639011635e-01,-2.772129241099317021e-01
-3.825418302061685538e-01,-1.422601103792194288e-01,-2.777207894064622762e-01
-3.828605054500721638e-01,-1.425140452585088036e-01,-2.783256197686559408e-01
-3.831534748529747403e-01,-1.427978909490562054e-01,-2.789591809044799087e-01
-3.834402910596092506e-01,-1.431761943042536012e-01,-2.796614635055802989e-01
-3.837418735602989295e-01,-1.435204226864326693e-01,-2.801846163799483480e-01
-3.840975320057178899e-01,-1.438685687046699635e-01,-2.807160175930791257e-01
-3.843776876066469783e-01,-1.441266377729611414e-01,-2.813061265295029867e-01
-3.847559237332380255e-01,-1.443428163082392524e-01,-2.818216770605852517e-01
-3.851354310978706841e-01,-1.448067239981152832e-01,-2.824159087537576607e-01
-3.854777685455857417e-01,-1.451698180853573938e-01,-2.828209292532197217e-01
-3.856810516245925968e-01,-1.456212078603980609e-01,-2.832031052113653802e-01
-3.859123171883510062e-01,-1.459237111758829308e-01,-2.836362689701005246e-01
-3.862951051090763310e-01,-1.462153396110923986e-01,-2.839125946036092918e-01
-3.866845643379415720e-01,-1.463892835023661854e-01,-2.842628996799111407e-01
-3.869577082075985053e-01,-1.465919678106871182e-01,-2.847340770676821120e-01
-3.871915938123184353e-01,-1.468593320053278029e-01,-2.851588036336150656e-01
-3.874533959612523337e-01,-1.471245411529840674e-01,-2.855665086504518002e-01
-3.875384425136275124e-01,-1.473742369352844528e-01,-2.860441293514011663e-01
-3.877381904291442027e-01,-1.476474997963009295e-01,-2.864872162388744647e-01
-3.878848248652120856e-01,-1.477032973606378641e-01,-2.869652567876058713e-01
-3.881009573696506121e-01,-1.478524075375849400e-01,-2.873236423631551073e-01
-3.881264410244743002e-01,-1.480056953922468943e-01,-2.879426571228342335e-01
-3.882734548384075279e-01,-1.481594553910033363e-01,-2.883206003606628154e-01
-3.884798092455151175e-01,-1.482297754231463593e-01,-2.886849641948291967e-01
-3.891217904745735701e-01,-1.484540782444115359e-01,-2.889680101629537590e-01
-3.891140504935665656e-01,-1.486367487822027322e-01,-2.894164020531806991e-01
-3.893819883626711831e-01,-1.489109089051932622e-01,-2.897128303926233550e-01
-3.895241838236375709e-01,-1.491107500877935643e-01,-2.900126730538959419e-01
-3.894613195774136449e-01,-1.492767389510381570e-01,-2.903344187884770999e-01
-3.895328004958959478e-01,-1.494526353994217183e-01,-2.907274260459646875e-01
-3.896722239096190310e-01,-1.495579712310264875e-01,-2.910931747639140532e-01
-3.899799698972060136e-01,-1.498265581181149053e-01,-2.912465097086733290e-01
-3.903300946430306451e-01,-1.499790489053567932e-01,-2.914951147609107784e-01
-3.905639004207014930e-01,-1.501016376026336752e-01,-2.918565448628882009e-01
-3.908497622029978857e-01,-1.502906926283898437e-01,-2.921900879540563212e-01
-3.910883069895716990e-01,-1.505038427873928719e-01,-2.925403824081148074e-01
-3.911713254131541917e-01,-1.505758652811235998e-01,-2.929050085929911784e-01
-3.912733643438980891e-01,-1.507289882804765946e-01,-2.932409525350224144e-01
-3.913634570064489782e-01,-1.508523760173044459e-01,-2.935821490739765616e-01
-3.914696314286176260e-01,-1.509072993003318097e-01,-2.939083726485422488e-01
-3.915683355600662607e-01,-1.509445399536760157e-01,-2.941071024132745904e-01
-3.915963745871970381e-01,-1.509336690847021267e-01,-2.944183231060081840e-01
-3.916827934143595757e-01,-1.508662657488054060e-01,-2.946610644905607312e-01
-3.917975719704159254e-01,-1.508565603021830293e-01,-2.947831898510359094e-01
-3.916007692340079394e-01,-1.508435817261362666e-01,-2.949036947561101130e-01
-3.916354459598497262e-01,-1.510110748725970731e-01,-2.947989311660887402e-01
-3.917139169709746294e-01,-1.511528707058605314e-01,-2.948176628315428704e-01
-3.921330229489729535e-01,-1.512071818171727977e-01,-2.952164207764627624e-01
-3.922081737928495015e-01,-1.513941510344226082e-01,-2.953969585628099526e-01
-3.922964277841161640e-01,-1.516043907495814858e-01,-2.955242385852602793e-01
-3.923099588201726662e-01,-1.516978035623455789e-01,-2.957356765978861879e-01
-3.923777893891179924e-01,-1.517753789700085343e-01,-2.959231532777286122e-01
-3.921005925984119567e-01,-1.517946777724162311e-01,-2.959915262696147797e-01
-3.920650585594057103e-01,-1.518018282445524059e-01,-2.960744853424480127e-01
-3.920780524311142101e-01,-1.516583190174843332e-01,-2.966542672585348872e-01
-3.922052364188400309e-01,-1.517274768279360253e-01,-2.967861025509424544e-01
-3.922716673130183795e-01,-1.517249869975887955e-01,-2.969377396986725981e-01
-3.923541688426512297e-01,-1.516684815924490004e-01,-2.970996465552181998e-01
-3.924648537934303794e-01,-1.517311279336355789e-01,-2.971982836710939102e-01
-3.925016193668335318e-01,-1.518088636671586777e-01,-2.972851772856322516e-01
-3.926032511405018188e-01,-1.519427812905936315e-01,-2.973086712688197686e-01
-3.930529397243412437e-01,-1.521332004706664187e-01,-2.972939119999025159e-01
-3.931523572561899660e-01,-1.522649047327076510e-01,-2.973274920621697959e-01
-3.930902434555907932e-01,-1.522877433754526444e-01,-2.974010015482189129e-01
-3.931890104582154710e-01,-1.523610609105961466e-01,-2.973764190374609262e-01
-3.931919046150354480e-01,-1.523506901463549945e-01,-2.974028923477483599e-01
-3.933009953591077301e-01,-1.523268835870497662e-01,-2.973102051877392626e-01
-3.933541225761127413e-01,-1.523063542918988156e-01,-2.972661927678511562e-01
-3.934546154223221293e-01,-1.522404763593088739e-01,-2.971951879052746048e-01
-3.935134316871253257e-01,-1.521161359380874267e-01,-2.972281940472209505e-01
-3.935146444854347725e-01,-1.519762532290554469e-01,-2.972491435070849231e-01
-3.935585160292603413e-01,-1.519153199047501013e-01,-2.972735518164166812e-01
