timestamp,rigid_body_id,x,y,z,qx,qy,qz,qw
1752710241.0208213,10,-0.6043216586112976,-5.4733476638793945,0.6899268627166748,0.0003831889189314097,0.002165348967537284,0.029416197910904884,0.9995648264884949
1752710241.0209582,6,-0.6701061725616455,-5.337703704833984,0.7855871915817261,-0.023088913410902023,0.1639324575662613,-0.03942188248038292,0.985413134098053
1752710241.0281048,10,-0.6043158769607544,-5.473342418670654,0.6899462342262268,0.000363471481250599,0.0021400146652013063,0.02941766194999218,0.9995648264884949
1752710241.028383,6,-0.6701061725616455,-5.337703704833984,0.7855871915817261,-0.023088913410902023,0.1639324575662613,-0.03942188248038292,0.985413134098053
1752710241.0381792,10,-0.6043095588684082,-5.473346710205078,0.6899650692939758,0.000320093531627208,0.0021342006511986256,0.029409704729914665,0.9995651841163635
1752710241.038333,6,-0.6701061725616455,-5.337703704833984,0.7855871915817261,-0.023088913410902023,0.1639324575662613,-0.03942188248038292,0.985413134098053
1752710241.0467348,10,-0.6043144464492798,-5.473343849182129,0.6899699568748474,0.0002793617022689432,0.002169262617826462,0.029413506388664246,0.9995649456977844
1752710241.0469615,6,-0.6701061725616455,-5.337703704833984,0.7855871915817261,-0.023088913410902023,0.1639324575662613,-0.03942188248038292,0.985413134098053
1752710241.056964,10,-0.6043028831481934,-5.47332763671875,0.6899523735046387,0.0003031827509403229,0.0021932797972112894,0.029471300542354584,0.9995631575584412
1752710241.057178,6,-0.6701061725616455,-5.337703704833984,0.7855871915817261,-0.023088913410902023,0.1639324575662613,-0.03942188248038292,0.985413134098053
1752710241.066008,10,-0.6043125987052917,-5.473276615142822,0.6899297833442688,0.00023532814520876855,0.0022336377296596766,0.029528193175792694,0.9995614886283875
1752710241.0662272,6,-0.6701061725616455,-5.337703704833984,0.7855871915817261,-0.023088913410902023,0.1639324575662613,-0.03942188248038292,0.985413134098053
1752710241.0712774,10,-0.6043153405189514,-5.473277568817139,0.6899304389953613,0.00019348452042322606,0.0022499391343444586,0.029518507421016693,0.9995617270469666
1752710241.0714622,6,-0.6701061725616455,-5.337703704833984,0.7855871915817261,-0.023088913410902023,0.1639324575662613,-0.03942188248038292,0.985413134098053
1752710241.079946,10,-0.6043072938919067,-5.4732794761657715,0.6899226903915405,0.00024496277910657227,0.002239343011751771,0.02951909974217415,0.9995617270469666
1752710241.0801644,6,-0.6701061725616455,-5.337703704833984,0.7855871915817261,-0.023088913410902023,0.1639324575662613,-0.03942188248038292,0.985413134098053
1752710241.0868447,10,-0.6043025851249695,-5.473260879516602,0.6898935437202454,0.000240810913965106,0.002323661232367158,0.029551908373832703,0.999560534954071
1752710241.087057,6,-0.6701061725616455,-5.337703704833984,0.7855871915817261,-0.023088913410902023,0.1639324575662613,-0.03942188248038292,0.985413134098053
1752710241.0974617,10,-0.6043025851249695,-5.473263263702393,0.6899107694625854,0.00020938560192007571,0.002315436489880085,0.029554417356848717,0.999560534954071
1752710241.0977833,6,-0.6701061725616455,-5.337703704833984,0.7855871915817261,-0.023088913410902023,0.1639324575662613,-0.03942188248038292,0.985413134098053
1752710241.1078315,10,-0.6043077111244202,-5.473265171051025,0.6899231672286987,0.00019482460629660636,0.0022905790247023106,0.029549550265073776,0.9995606541633606
1752710241.1082146,6,-0.6701061725616455,-5.337703704833984,0.7855871915817261,-0.023088913410902023,0.1639324575662613,-0.03942188248038292,0.985413134098053
1752710241.1188412,10,-0.6042896509170532,-5.473276615142822,0.6898987889289856,0.0002532800135668367,0.0022920293267816305,0.02953905612230301,0.9995610117912292
1752710241.1190913,6,-0.6701061725616455,-5.337703704833984,0.7855871915817261,-0.023088913410902023,0.1639324575662613,-0.03942188248038292,0.985413134098053
1752710241.1249018,10,-0.6043034791946411,-5.473272800445557,0.6899006962776184,0.00024125994241330773,0.0022732517682015896,0.029531065374612808,0.9995612502098083
1752710241.125248,6,-0.6701061725616455,-5.337703704833984,0.7855871915817261,-0.023088913410902023,0.1639324575662613,-0.03942188248038292,0.985413134098053
1752710241.1301155,10,-0.6043035984039307,-5.473261833190918,0.6898981332778931,0.00023080443497747183,0.002301684580743313,0.029547013342380524,0.9995607733726501
1752710241.1303394,6,-0.6701061725616455,-5.337703704833984,0.7855871915817261,-0.023088913410902023,0.1639324575662613,-0.03942188248038292,0.985413134098053
1752710241.1398234,10,-0.6042879223823547,-5.47327184677124,0.6899019479751587,0.00020924430282320827,0.0022887205705046654,0.029553214088082314,0.9995606541633606
1752710241.1401021,6,-0.6701061725616455,-5.337703704833984,0.7855871915817261,-0.023088913410902023,0.1639324575662613,-0.03942188248038292,0.985413134098053
1752710241.1469183,10,-0.6043047904968262,-5.473269462585449,0.6899024248123169,0.00023610003700014204,0.002268717624247074,0.029535407200455666,0.9995611310005188
1752710241.147292,6,-0.6701061725616455,-5.337703704833984,0.7855871915817261,-0.023088913410902023,0.1639324575662613,-0.03942188248038292,0.985413134098053
1752710241.154639,10,-0.6043059825897217,-5.473264217376709,0.6898994445800781,0.0002211341488873586,0.002310834126546979,0.029537612572312355,0.9995610117912292
1752710241.1550043,6,-0.6701061725616455,-5.337703704833984,0.7855871915817261,-0.023088913410902023,0.1639324575662613,-0.03942188248038292,0.985413134098053
1752710241.1656046,10,-0.6043078899383545,-5.473268508911133,0.6899206042289734,0.00020065237185917795,0.0022735593374818563,0.029521208256483078,0.999561607837677
1752710241.1658068,6,-0.6701061725616455,-5.337703704833984,0.7855871915817261,-0.023088913410902023,0.1639324575662613,-0.03942188248038292,0.985413134098053
1752710241.1689155,10,-0.6043127775192261,-5.473271369934082,0.6898667216300964,0.00026270339731127024,0.002331559080630541,0.029508477076888084,0.9995618462562561
1752710241.1690443,6,-0.6701061725616455,-5.337703704833984,0.7855871915817261,-0.023088913410902023,0.1639324575662613,-0.03942188248038292,0.985413134098053
1752710241.1801639,10,-0.6043081879615784,-5.473265171051025,0.6899212598800659,0.00016626952856313437,0.0022828993387520313,0.02951994724571705,0.999561607837677
1752710241.1803026,6,-0.6701061725616455,-5.337703704833984,0.7855871915817261,-0.023088913410902023,0.1639324575662613,-0.03942188248038292,0.985413134098053
1752710241.1890807,10,-0.6043127179145813,-5.473249435424805,0.6899263858795166,0.00014116757665760815,0.002229653298854828,0.029493506997823715,0.9995625615119934
1752710241.1896677,6,-0.6701061725616455,-5.337703704833984,0.7855871915817261,-0.023088913410902023,0.1639324575662613,-0.03942188248038292,0.985413134098053
1752710241.1979866,10,-0.6042848229408264,-5.473274230957031,0.6898443102836609,0.00042673861025832593,0.002512156032025814,0.029635824263095856,0.9995575547218323
1752710241.1982915,6,-0.6701061725616455,-5.337703704833984,0.7855871915817261,-0.023088913410902023,0.1639324575662613,-0.03942188248038292,0.985413134098053
1752710241.207259,10,-0.6043729782104492,-5.47327995300293,0.6898177862167358,0.00042873481288552284,0.0027041148860007524,0.029539836570620537,0.9995599389076233
1752710241.2074478,6,-0.6701061725616455,-5.337703704833984,0.7855871915817261,-0.023088913410902023,0.1639324575662613,-0.03942188248038292,0.985413134098053
1752710241.216301,10,-0.6043819189071655,-5.473276138305664,0.6898603439331055,0.00034841071465052664,0.0026989991310983896,0.02952910028398037,0.9995602965354919
1752710241.216622,6,-0.6701061725616455,-5.337703704833984,0.7855871915817261,-0.023088913410902023,0.1639324575662613,-0.03942188248038292,0.985413134098053
1752710241.2217672,10,-0.6043803095817566,-5.4732770919799805,0.6899003982543945,0.0003510857350192964,0.002608413342386484,0.029523178935050964,0.9995606541633606
1752710241.2219656,6,-0.6701061725616455,-5.337703704833984,0.7855871915817261,-0.023088913410902023,0.1639324575662613,-0.03942188248038292,0.985413134098053
1752710241.23074,10,-0.6043779850006104,-5.4732747077941895,0.6898873448371887,0.00036313061718828976,0.002607086906209588,0.02951887808740139,0.9995607733726501
1752710241.2313051,6,-0.6701061725616455,-5.337703704833984,0.7855871915817261,-0.023088913410902023,0.1639324575662613,-0.03942188248038292,0.985413134098053
1752710241.2385416,10,-0.6043777465820312,-5.473264217376709,0.6898696422576904,0.00033841055119410157,0.0026349322870373726,0.029535477980971336,0.9995602965354919
1752710241.23887,6,-0.6701061725616455,-5.337703704833984,0.7855871915817261,-0.023088913410902023,0.1639324575662613,-0.03942188248038292,0.985413134098053
1752710241.2456172,10,-0.6043707728385925,-5.473272323608398,0.6898661255836487,0.0003483738983049989,0.002617563121020794,0.02952445298433304,0.9995606541633606
1752710241.2458415,6,-0.6701061725616455,-5.337703704833984,0.7855871915817261,-0.023088913410902023,0.1639324575662613,-0.03942188248038292,0.985413134098053
1752710241.2545598,10,-0.6043992042541504,-5.473289489746094,0.6899311542510986,0.0004802688490599394,0.0024256526958197355,0.029524479061365128,0.9995610117912292
1752710241.2547207,6,-0.6701061725616455,-5.337703704833984,0.7855871915817261,-0.023088913410902023,0.1639324575662613,-0.03942188248038292,0.985413134098053
1752710241.2674947,10,-0.6043947339057922,-5.4732537269592285,0.6899462342262268,0.0006072829710319638,0.002350522205233574,0.029599498957395554,0.9995589852333069
1752710241.2676551,6,-0.6701061725616455,-5.337703704833984,0.7855871915817261,-0.023088913410902023,0.1639324575662613,-0.03942188248038292,0.985413134098053
1752710241.2704139,10,-0.6043972969055176,-5.473239421844482,0.6899144649505615,0.0006481680320575833,0.002384483115747571,0.029614148661494255,0.9995583891868591
1752710241.2705398,6,-0.6701061725616455,-5.337703704833984,0.7855871915817261,-0.023088913410902023,0.1639324575662613,-0.03942188248038292,0.985413134098053
1752710241.2820206,10,-0.6043968200683594,-5.473240375518799,0.6899132132530212,0.0006066857022233307,0.002419925294816494,0.02961157076060772,0.9995583891868591
1752710241.2822769,6,-0.6701061725616455,-5.337703704833984,0.7855871915817261,-0.023088913410902023,0.1639324575662613,-0.03942188248038292,0.985413134098053
1752710241.2895634,10,-0.60438072681427,-5.473248481750488,0.6899198889732361,0.0005791121511720121,0.0024202216882258654,0.029619354754686356,0.99955815076828
1752710241.289804,6,-0.6701061725616455,-5.337703704833984,0.7855871915817261,-0.023088913410902023,0.1639324575662613,-0.03942188248038292,0.985413134098053
1752710241.2984426,10,-0.6043793559074402,-5.473249912261963,0.6899279356002808,0.0005725800874643028,0.002416587434709072,0.02960149012506008,0.9995587468147278
1752710241.2987874,6,-0.6701061725616455,-5.337703704833984,0.7855871915817261,-0.023088913410902023,0.1639324575662613,-0.03942188248038292,0.985413134098053
1752710241.3046942,10,-0.6043844819068909,-5.473252296447754,0.6899410486221313,0.0005651073297485709,0.002409375738352537,0.029607804492115974,0.9995585083961487
1752710241.3050053,6,-0.6701061725616455,-5.337703704833984,0.7855871915817261,-0.023088913410902023,0.1639324575662613,-0.03942188248038292,0.985413134098053
1752710241.3165965,10,-0.6043946146965027,-5.473203182220459,0.689885139465332,0.0006583574577234685,0.0024770591408014297,0.029657036066055298,0.999556839466095
1752710241.316853,6,-0.6701061725616455,-5.337703704833984,0.7855871915817261,-0.023088913410902023,0.1639324575662613,-0.03942188248038292,0.985413134098053
1752710241.321093,10,-0.6043832302093506,-5.473208427429199,0.6898951530456543,0.0006445502513088286,0.0024905879981815815,0.029660770669579506,0.9995567202568054
1752710241.3212936,6,-0.6701061725616455,-5.337703704833984,0.7855871915817261,-0.023088913410902023,0.1639324575662613,-0.03942188248038292,0.985413134098053
1752710241.3269594,10,-0.6044043302536011,-5.473199844360352,0.6899046301841736,0.0006121501210145652,0.002480391412973404,0.029654385522007942,0.9995569586753845
1752710241.327232,6,-0.6701061725616455,-5.337703704833984,0.7855871915817261,-0.023088913410902023,0.1639324575662613,-0.03942188248038292,0.985413134098053
1752710241.3379316,10,-0.6043941378593445,-5.473207950592041,0.689882755279541,0.0006473762332461774,0.0025052286218851805,0.0296518225222826,0.9995569586753845
1752710241.338211,6,-0.6701061725616455,-5.337703704833984,0.7855871915817261,-0.023088913410902023,0.1639324575662613,-0.03942188248038292,0.985413134098053
1752710241.3459148,10,-0.6044273376464844,-5.473202705383301,0.6898370385169983,0.0007111697341315448,0.002546722302213311,0.029616383835673332,0.9995579123497009
1752710241.3461847,6,-0.6701061725616455,-5.337703704833984,0.7855871915817261,-0.023088913410902023,0.1639324575662613,-0.03942188248038292,0.985413134098053
1752710241.35577,10,-0.6044280529022217,-5.473199367523193,0.6898218989372253,0.0007150360033847392,0.0025713983923196793,0.02963709831237793,0.9995571970939636
1752710241.3560967,6,-0.6701061725616455,-5.337703704833984,0.7855871915817261,-0.023088913410902023,0.1639324575662613,-0.03942188248038292,0.985413134098053
1752710241.362856,10,-0.604425847530365,-5.473206996917725,0.689830482006073,0.0007009794353507459,0.002557057421654463,0.029622940346598625,0.9995576739311218
1752710241.3630567,6,-0.6701061725616455,-5.337703704833984,0.7855871915817261,-0.023088913410902023,0.1639324575662613,-0.03942188248038292,0.985413134098053
1752710241.3716998,10,-0.6044062376022339,-5.473209857940674,0.6899276971817017,0.00044633791549131274,0.002277912339195609,0.029541395604610443,0.9995608925819397
1752710241.3719342,6,-0.6701061725616455,-5.337703704833984,0.7855871915817261,-0.023088913410902023,0.1639324575662613,-0.03942188248038292,0.985413134098053
1752710241.3805106,10,-0.6043630838394165,-5.47322416305542,0.6899039149284363,0.0005253255949355662,0.0023842130322009325,0.029611730948090553,0.9995585083961487
1752710241.3807218,6,-0.6701061725616455,-5.337703704833984,0.7855871915817261,-0.023088913410902023,0.1639324575662613,-0.03942188248038292,0.985413134098053
1752710241.387984,10,-0.6043509244918823,-5.473230838775635,0.689900279045105,0.0005224039196036756,0.0024090022780001163,0.02962101250886917,0.99955815076828
1752710241.3882322,6,-0.6701061725616455,-5.337703704833984,0.7855871915817261,-0.023088913410902023,0.1639324575662613,-0.03942188248038292,0.985413134098053
1752710241.3968384,10,-0.6043664216995239,-5.4732255935668945,0.6899113655090332,0.0005146163748577237,0.002386427717283368,0.029608815908432007,0.9995586276054382
1752710241.3970313,6,-0.6701061725616455,-5.337703704833984,0.7855871915817261,-0.023088913410902023,0.1639324575662613,-0.03942188248038292,0.985413134098053
1752710241.403861,10,-0.6043498516082764,-5.473237991333008,0.6899216175079346,0.000487521814648062,0.0024081412702798843,0.029626689851284027,0.9995580315589905
1752710241.4040625,6,-0.6701061725616455,-5.337703704833984,0.7855871915817261,-0.023088913410902023,0.1639324575662613,-0.03942188248038292,0.985413134098053
1752710241.4131088,10,-0.60442054271698,-5.473257064819336,0.6899830102920532,0.0002295477024745196,0.002616179408505559,0.0295578483492136,0.9995597004890442
1752710241.4134543,6,-0.6701061725616455,-5.337703704833984,0.7855871915817261,-0.023088913410902023,0.1639324575662613,-0.03942188248038292,0.985413134098053
1752710241.4197145,10,-0.6044276356697083,-5.473275661468506,0.6899259090423584,0.00026514264754951,0.0027378196828067303,0.02953997068107128,0.9995598196983337
1752710241.4200492,6,-0.6701061725616455,-5.337703704833984,0.7855871915817261,-0.023088913410902023,0.1639324575662613,-0.03942188248038292,0.985413134098053
1752710241.432721,10,-0.6044168472290039,-5.473282337188721,0.6899687051773071,0.0002549462369643152,0.002657896839082241,0.02954850159585476,0.9995598196983337
1752710241.4329896,6,-0.6701061725616455,-5.337703704833984,0.7855871915817261,-0.023088913410902023,0.1639324575662613,-0.03942188248038292,0.985413134098053
1752710241.438585,10,-0.6044367551803589,-5.473289489746094,0.689958930015564,0.00026879433426074684,0.0026660601142793894,0.029517285525798798,0.9995607733726501
1752710241.4389327,6,-0.6701061725616455,-5.337703704833984,0.7855871915817261,-0.023088913410902023,0.1639324575662613,-0.03942188248038292,0.985413134098053
1752710241.4458766,10,-0.6044427752494812,-5.473264694213867,0.6900558471679688,0.00014441227540373802,0.0025431346148252487,0.029547540470957756,0.9995601773262024
1752710241.4461038,6,-0.6701061725616455,-5.337703704833984,0.7855871915817261,-0.023088913410902023,0.1639324575662613,-0.03942188248038292,0.985413134098053
1752710241.4547298,10,-0.6044706702232361,-5.473258972167969,0.6900206208229065,0.000207072269404307,0.002585342153906822,0.029526757076382637,0.9995606541633606
1752710241.4549916,6,-0.6701061725616455,-5.337703704833984,0.7855871915817261,-0.023088913410902023,0.1639324575662613,-0.03942188248038292,0.985413134098053
1752710241.4659917,10,-0.604465126991272,-5.473263263702393,0.6900655031204224,0.00016064484952948987,0.002539726672694087,0.02954060584306717,0.9995604157447815
1752710241.46621,6,-0.6701061725616455,-5.337703704833984,0.7855871915817261,-0.023088913410902023,0.1639324575662613,-0.03942188248038292,0.985413134098053
1752710241.4711945,10,-0.6044689416885376,-5.473258018493652,0.6900856494903564,0.00010055687016574666,0.0025097057223320007,0.02954460121691227,0.9995602965354919
1752710241.471445,6,-0.6701061725616455,-5.337703704833984,0.7855871915817261,-0.023088913410902023,0.1639324575662613,-0.03942188248038292,0.985413134098053
1752710241.4816492,10,-0.6044777035713196,-5.4732584953308105,0.6900067925453186,0.00024374733038712293,0.002601306652650237,0.029514353722333908,0.9995610117912292
1752710241.4820046,6,-0.6701061725616455,-5.337703704833984,0.7855871915817261,-0.023088913410902023,0.1639324575662613,-0.03942188248038292,0.985413134098053
1752710241.4896967,10,-0.6044682264328003,-5.473258972167969,0.6900818943977356,0.000146946738823317,0.002505756448954344,0.029535433277487755,0.9995606541633606
1752710241.4899495,6,-0.6701061725616455,-5.337703704833984,0.7855871915817261,-0.023088913410902023,0.1639324575662613,-0.03942188248038292,0.985413134098053
1752710241.4963691,10,-0.6044595837593079,-5.473269939422607,0.6900811195373535,0.00011612431262619793,0.0025064507499337196,0.02953389286994934,0.9995606541633606
1752710241.4966073,6,-0.6701061725616455,-5.337703704833984,0.7855871915817261,-0.023088913410902023,0.1639324575662613,-0.03942188248038292,0.985413134098053
1752710241.505092,10,-0.604479968547821,-5.4732465744018555,0.6900193095207214,0.00018007663311436772,0.0025772969238460064,0.029538875445723534,0.9995602965354919
1752710241.5054684,6,-0.6701061725616455,-5.337703704833984,0.7855871915817261,-0.023088913410902023,0.1639324575662613,-0.03942188248038292,0.985413134098053
1752710241.5175612,10,-0.604468584060669,-5.473238945007324,0.6900671720504761,0.00011497184459585696,0.0025521416682749987,0.029546378180384636,0.9995601773262024
1752710241.5178945,6,-0.6701061725616455,-5.337703704833984,0.7855871915817261,-0.023088913410902023,0.1639324575662613,-0.03942188248038292,0.985413134098053
1752710241.5239465,10,-0.6044614911079407,-5.4732346534729,0.6900978088378906,8.71920638019219e-05,0.002513529732823372,0.029552370309829712,0.9995600581169128
1752710241.5241997,6,-0.6701061725616455,-5.337703704833984,0.7855871915817261,-0.023088913410902023,0.1639324575662613,-0.03942188248038292,0.985413134098053
1752710241.530826,10,-0.6044450402259827,-5.473254680633545,0.6900987029075623,0.00010555262269917876,0.0024981943424791098,0.029551025480031967,0.9995601773262024
1752710241.5312188,6,-0.6701061725616455,-5.337703704833984,0.7855871915817261,-0.023088913410902023,0.1639324575662613,-0.03942188248038292,0.985413134098053
1752710241.5389087,10,-0.6044458150863647,-5.473245143890381,0.6900842189788818,0.00011035142233595252,0.002512755338102579,0.029554322361946106,0.9995600581169128
1752710241.5392637,6,-0.6701061725616455,-5.337703704833984,0.7855871915817261,-0.023088913410902023,0.1639324575662613,-0.03942188248038292,0.985413134098053
1752710241.5469558,10,-0.6044502854347229,-5.4732584953308105,0.6900160908699036,0.00018490650109015405,0.002596121048554778,0.02954944595694542,0.9995599389076233
1752710241.5476315,6,-0.6701061725616455,-5.337703704833984,0.7855871915817261,-0.023088913410902023,0.1639324575662613,-0.03942188248038292,0.985413134098053
1752710241.5555193,10,-0.6044533848762512,-5.473254203796387,0.6900537610054016,0.000146314938319847,0.0025356390979140997,0.029545815661549568,0.9995602965354919
1752710241.5557678,6,-0.6701061725616455,-5.337703704833984,0.7855871915817261,-0.023088913410902023,0.1639324575662613,-0.03942188248038292,0.985413134098053
1752710241.5630214,10,-0.6044559478759766,-5.473259925842285,0.6900071501731873,0.00016369196237064898,0.0026008409913629293,0.029531145468354225,0.999560534954071
1752710241.5633705,6,-0.6701061725616455,-5.337703704833984,0.7855871915817261,-0.023088913410902023,0.1639324575662613,-0.03942188248038292,0.985413134098053
1752710241.574676,10,-0.6044498682022095,-5.473251819610596,0.6900390386581421,0.00014116603415459394,0.002538112923502922,0.029552031308412552,0.9995600581169128
1752710241.5750172,6,-0.6701061725616455,-5.337703704833984,0.7855871915817261,-0.023088913410902023,0.1639324575662613,-0.03942188248038292,0.985413134098053
1752710241.5815716,10,-0.6044452786445618,-5.473228454589844,0.6900519728660583,9.71398112596944e-05,0.0025622944813221693,0.0295958761125803,0.9995587468147278
1752710241.5818763,6,-0.6701061725616455,-5.337703704833984,0.7855871915817261,-0.023088913410902023,0.1639324575662613,-0.03942188248038292,0.985413134098053
1752710241.589254,10,-0.604472815990448,-5.473311424255371,0.6900266408920288,0.00023248896468430758,0.0025341412983834743,0.029449140653014183,0.9995630383491516
1752710241.5895896,6,-0.6701061725616455,-5.337703704833984,0.7855871915817261,-0.023088913410902023,0.1639324575662613,-0.03942188248038292,0.985413134098053
1752710241.597766,10,-0.6044941544532776,-5.4733710289001465,0.6900405883789062,0.0002849901793524623,0.0024875460658222437,0.029360070824623108,0.9995657801628113
1752710241.5981793,6,-0.6701061725616455,-5.337703704833984,0.7855871915817261,-0.023088913410902023,0.1639324575662613,-0.03942188248038292,0.985413134098053
1752710241.6052027,10,-0.6044987440109253,-5.473367214202881,0.6900431513786316,0.0003294359485153109,0.002481586067005992,0.029363946989178658,0.9995656609535217
1752710241.6054645,6,-0.6701061725616455,-5.337703704833984,0.7855871915817261,-0.023088913410902023,0.1639324575662613,-0.03942188248038292,0.985413134098053
1752710241.6121655,10,-0.604494571685791,-5.473358154296875,0.6900432109832764,0.00030223000794649124,0.0024748414289206266,0.029372362419962883,0.9995654225349426
1752710241.6124065,6,-0.6701061725616455,-5.337703704833984,0.7855871915817261,-0.023088913410902023,0.1639324575662613,-0.03942188248038292,0.985413134098053
1752710241.6222494,10,-0.6044487953186035,-5.473303318023682,0.689918577671051,0.00044110571616329253,0.0026355998124927282,0.029469924047589302,0.9995620846748352
1752710241.6225178,6,-0.6701061725616455,-5.337703704833984,0.7855871915817261,-0.023088913410902023,0.1639324575662613,-0.03942188248038292,0.985413134098053
1752710241.631703,10,-0.6044189929962158,-5.473262786865234,0.6898272633552551,0.0005377519992180169,0.002771285129711032,0.029528141021728516,0.9995600581169128
1752710241.632008,6,-0.6701061725616455,-5.337703704833984,0.7855871915817261,-0.023088913410902023,0.1639324575662613,-0.03942188248038292,0.985413134098053
1752710241.638812,10,-0.6044053435325623,-5.473269939422607,0.6897684335708618,0.0005966647295281291,0.0028385575860738754,0.029529869556427002,0.9995597004890442
1752710241.6390607,6,-0.6701061725616455,-5.337703704833984,0.7855871915817261,-0.023088913410902023,0.1639324575662613,-0.03942188248038292,0.985413134098053
1752710241.6493707,10,-0.6043972969055176,-5.473321914672852,0.6898967623710632,0.0004416505398694426,0.0026782937347888947,0.029474472627043724,0.9995618462562561
1752710241.6497302,6,-0.6701061725616455,-5.337703704833984,0.7855871915817261,-0.023088913410902023,0.1639324575662613,-0.03942188248038292,0.985413134098053
1752710241.6557727,10,-0.6044289469718933,-5.473336696624756,0.6898975968360901,0.00043044969788752496,0.0026622952427715063,0.029434623196721077,0.9995631575584412
1752710241.656176,6,-0.6701061725616455,-5.337703704833984,0.7855871915817261,-0.023088913410902023,0.1639324575662613,-0.03942188248038292,0.985413134098053
1752710241.6642547,10,-0.6044182777404785,-5.473340034484863,0.6899405121803284,0.00041859905468299985,0.002616502344608307,0.029445834457874298,0.9995629191398621
1752710241.6646423,6,-0.6701061725616455,-5.337703704833984,0.7855871915817261,-0.023088913410902023,0.1639324575662613,-0.03942188248038292,0.985413134098053
1752710241.6733463,10,-0.6044087409973145,-5.473351001739502,0.6899799704551697,0.0003711879544425756,0.0025558045599609613,0.029438186436891556,0.9995632767677307
1752710241.6736023,6,-0.6701061725616455,-5.337703704833984,0.7855871915817261,-0.023088913410902023,0.1639324575662613,-0.03942188248038292,0.985413134098053
1752710241.6809568,10,-0.6044312119483948,-5.4733805656433105,0.6900608539581299,0.0002887035079766065,0.002439607633277774,0.029387246817350388,0.999565064907074
1752710241.6812117,6,-0.6701061725616455,-5.337703704833984,0.7855871915817261,-0.023088913410902023,0.1639324575662613,-0.03942188248038292,0.985413134098053
1752710241.6898503,10,-0.6044591665267944,-5.473384380340576,0.6901419162750244,0.00020445423433557153,0.002321490552276373,0.029370782896876335,0.9995658993721008
1752710241.690174,6,-0.6701061725616455,-5.337703704833984,0.7855871915817261,-0.023088913410902023,0.1639324575662613,-0.03942188248038292,0.985413134098053
1752710241.6967432,10,-0.6044723987579346,-5.473380088806152,0.6901612281799316,0.0001771504175849259,0.002328906673938036,0.029357504099607468,0.9995662569999695
1752710241.6970077,6,-0.6701061725616455,-5.337703704833984,0.7855871915817261,-0.023088913410902023,0.1639324575662613,-0.03942188248038292,0.985413134098053
1752710241.7080462,10,-0.6044681668281555,-5.473351955413818,0.690133273601532,0.0002210931561421603,0.0023460874799638987,0.02939445525407791,0.9995651841163635
1752710241.7083797,6,-0.6701061725616455,-5.337703704833984,0.7855871915817261,-0.023088913410902023,0.1639324575662613,-0.03942188248038292,0.985413134098053
1752710241.713175,10,-0.6044635772705078,-5.473351955413818,0.6900872588157654,0.0002665568026714027,0.002447963459417224,0.029413381591439247,0.9995643496513367
1752710241.7134054,6,-0.6701061725616455,-5.337703704833984,0.7855871915817261,-0.023088913410902023,0.1639324575662613,-0.03942188248038292,0.985413134098053
1752710241.7221758,10,-0.6044682264328003,-5.473363876342773,0.6900427341461182,0.00032401373027823865,0.0024938315618783236,0.029390880838036537,0.9995648264884949
1752710241.7224512,6,-0.6701061725616455,-5.337703704833984,0.7855871915817261,-0.023088913410902023,0.1639324575662613,-0.03942188248038292,0.985413134098053
1752710241.729673,10,-0.604459822177887,-5.473367691040039,0.6901015043258667,0.0002479812828823924,0.002431166125461459,0.029392356052994728,0.9995649456977844
1752710241.7299109,6,-0.6701061725616455,-5.337703704833984,0.7855871915817261,-0.023088913410902023,0.1639324575662613,-0.03942188248038292,0.985413134098053
1752710241.7375736,10,-0.6044864654541016,-5.473356246948242,0.6900678873062134,0.0002975323877763003,0.0024647992104291916,0.02938893809914589,0.9995649456977844
1752710241.7378185,6,-0.6701061725616455,-5.337703704833984,0.7855871915817261,-0.023088913410902023,0.1639324575662613,-0.03942188248038292,0.985413134098053
1752710241.7479057,10,-0.6044895052909851,-5.473345756530762,0.6900599598884583,0.00029749958775937557,0.0024890394415706396,0.029395630583167076,0.9995647072792053
1752710241.748266,6,-0.6701061725616455,-5.337703704833984,0.7855871915817261,-0.023088913410902023,0.1639324575662613,-0.03942188248038292,0.985413134098053
1752710241.7560132,10,-0.6044941544532776,-5.473343849182129,0.6900594830513,0.00028039136668667197,0.002468976192176342,0.029387129470705986,0.999565064907074
1752710241.7563944,6,-0.6701061725616455,-5.337703704833984,0.7855871915817261,-0.023088913410902023,0.1639324575662613,-0.03942188248038292,0.985413134098053
1752710241.7624125,10,-0.6044830083847046,-5.473344802856445,0.6901159286499023,0.000222261282033287,0.0024019558914005756,0.0293935164809227,0.999565064907074
1752710241.762688,6,-0.6701061725616455,-5.337703704833984,0.7855871915817261,-0.023088913410902023,0.1639324575662613,-0.03942188248038292,0.985413134098053
1752710241.7723262,10,-0.6044727563858032,-5.473360061645508,0.6900590062141418,0.0003212054434698075,0.0024758146610111,0.02938961237668991,0.9995649456977844
1752710241.7726338,6,-0.6701061725616455,-5.337703704833984,0.7855871915817261,-0.023088913410902023,0.1639324575662613,-0.03942188248038292,0.985413134098053
1752710241.7799995,10,-0.6044713854789734,-5.4733452796936035,0.6901066899299622,0.0002633043040987104,0.002391463378444314,0.029406722635030746,0.9995647072792053
1752710241.7803557,6,-0.6701061725616455,-5.337703704833984,0.7855871915817261,-0.023088913410902023,0.1639324575662613,-0.03942188248038292,0.985413134098053
1752710241.7880929,10,-0.6044655442237854,-5.4733452796936035,0.6900990605354309,0.0002667178923729807,0.002408271189779043,0.029412250965833664,0.9995644688606262
1752710241.7883778,6,-0.6701061725616455,-5.337703704833984,0.7855871915817261,-0.023088913410902023,0.1639324575662613,-0.03942188248038292,0.985413134098053
1752710241.7978117,10,-0.6044715642929077,-5.473325729370117,0.690064013004303,0.0003795972734224051,0.0022708666510879993,0.029359469190239906,0.9995662569999695
1752710241.7981417,6,-0.6701061725616455,-5.337703704833984,0.7855871915817261,-0.023088913410902023,0.1639324575662613,-0.03942188248038292,0.985413134098053
1752710241.8060198,10,-0.6044245958328247,-5.473327159881592,0.6899939179420471,0.0005055762594565749,0.0023144485894590616,0.029469499364495277,0.9995629191398621
1752710241.8062804,6,-0.6701061725616455,-5.337703704833984,0.7855871915817261,-0.023088913410902023,0.1639324575662613,-0.03942188248038292,0.985413134098053
1752710241.815404,10,-0.6043968200683594,-5.473326683044434,0.6900510191917419,0.0004463902732823044,0.002244513249024749,0.029504429548978806,0.9995620846748352
1752710241.8157218,6,-0.6701061725616455,-5.337703704833984,0.7855871915817261,-0.023088913410902023,0.1639324575662613,-0.03942188248038292,0.985413134098053
1752710241.8230157,10,-0.6044180393218994,-5.473327159881592,0.6899942755699158,0.000502953480463475,0.0022872909903526306,0.029482966288924217,0.9995625615119934
1752710241.8233423,6,-0.6701061725616455,-5.337703704833984,0.7855871915817261,-0.023088913410902023,0.1639324575662613,-0.03942188248038292,0.985413134098053
1752710241.8318195,10,-0.6044027805328369,-5.473339557647705,0.689978837966919,0.0005372695159167051,0.0023322401102632284,0.02947590872645378,0.999562680721283
1752710241.832104,6,-0.6701061725616455,-5.337703704833984,0.7855871915817261,-0.023088913410902023,0.1639324575662613,-0.03942188248038292,0.985413134098053
1752710241.8399644,10,-0.6043902039527893,-5.473336219787598,0.690026581287384,0.0004834092687815428,0.00225452845916152,0.029498349875211716,0.9995622038841248
1752710241.8403416,6,-0.6701061725616455,-5.337703704833984,0.7855871915817261,-0.023088913410902023,0.1639324575662613,-0.03942188248038292,0.985413134098053
1752710241.8480644,10,-0.6044176816940308,-5.473326683044434,0.6899886131286621,0.0005096296081319451,0.002300640568137169,0.02947435900568962,0.9995627999305725
1752710241.8484116,6,-0.6701061725616455,-5.337703704833984,0.7855871915817261,-0.023088913410902023,0.1639324575662613,-0.03942188248038292,0.985413134098053
1752710241.8563683,10,-0.6044256091117859,-5.473326683044434,0.6899780035018921,0.0005302772624418139,0.0023283029440790415,0.029481053352355957,0.9995625615119934
1752710241.856707,6,-0.6701061725616455,-5.337703704833984,0.7855871915817261,-0.023088913410902023,0.1639324575662613,-0.03942188248038292,0.985413134098053
1752710241.8642015,10,-0.6044168472290039,-5.473331928253174,0.6900288462638855,0.0004670597263611853,0.002276024082675576,0.029483329504728317,0.9995625615119934
1752710241.8645124,6,-0.6701061725616455,-5.337703704833984,0.7855871915817261,-0.023088913410902023,0.1639324575662613,-0.03942188248038292,0.985413134098053
1752710241.873842,10,-0.6044067144393921,-5.473335266113281,0.6900506615638733,0.00043341086711734533,0.00225949939340353,0.02948957495391369,0.9995624423027039
1752710241.8740897,6,-0.6701061725616455,-5.337703704833984,0.7855871915817261,-0.023088913410902023,0.1639324575662613,-0.03942188248038292,0.985413134098053
1752710241.8816288,10,-0.6044228076934814,-5.4733357429504395,0.6899980902671814,0.000508651603013277,0.00230997521430254,0.029470643028616905,0.9995629191398621
1752710241.8819666,6,-0.6701061725616455,-5.337703704833984,0.7855871915817261,-0.023088913410902023,0.1639324575662613,-0.03942188248038292,0.985413134098053
1752710241.8885927,10,-0.6044059991836548,-5.4733357429504395,0.6900389194488525,0.00043990887934342027,0.002234344370663166,0.029478944838047028,0.9995627999305725
1752710241.8888185,6,-0.6701061725616455,-5.337703704833984,0.7855871915817261,-0.023088913410902023,0.1639324575662613,-0.03942188248038292,0.985413134098053
1752710241.8982587,10,-0.6044026613235474,-5.473330974578857,0.6900429129600525,0.00046022128663025796,0.002245180541649461,0.029485078528523445,0.999562680721283
1752710241.898562,6,-0.6701061725616455,-5.337703704833984,0.7855871915817261,-0.023088913410902023,0.1639324575662613,-0.03942188248038292,0.985413134098053
1752710241.9041908,10,-0.6044103503227234,-5.473321437835693,0.6899995803833008,0.0005099959671497345,0.0023266756907105446,0.029495127499103546,0.9995620846748352
1752710241.9047656,6,-0.6701061725616455,-5.337703704833984,0.7855871915817261,-0.023088913410902023,0.1639324575662613,-0.03942188248038292,0.985413134098053
1752710241.9145722,10,-0.6043863296508789,-5.473334312438965,0.6900486946105957,0.0004708321357611567,0.00221298192627728,0.029483869671821594,0.999562680721283
1752710241.914919,6,-0.6701061725616455,-5.337703704833984,0.7855871915817261,-0.023088913410902023,0.1639324575662613,-0.03942188248038292,0.985413134098053
1752710241.9228497,10,-0.6044095754623413,-5.473333358764648,0.6899968385696411,0.0005152455996721983,0.0023044198751449585,0.02948802523314953,0.9995623230934143
1752710241.9232123,6,-0.6701061725616455,-5.337703704833984,0.7855871915817261,-0.023088913410902023,0.1639324575662613,-0.03942188248038292,0.985413134098053
1752710241.9326353,10,-0.604415237903595,-5.473330020904541,0.690015435218811,0.0004949031281284988,0.002293764613568783,0.029479244723916054,0.999562680721283
1752710241.932954,6,-0.6701061725616455,-5.337703704833984,0.7855871915817261,-0.023088913410902023,0.1639324575662613,-0.03942188248038292,0.985413134098053
1752710241.9402754,10,-0.604388952255249,-5.473330974578857,0.6900519132614136,0.0004154930356889963,0.002267898293212056,0.029513083398342133,0.9995617270469666
1752710241.940632,6,-0.6701061725616455,-5.337703704833984,0.7855871915817261,-0.023088913410902023,0.1639324575662613,-0.03942188248038292,0.985413134098053
1752710241.9482143,10,-0.604409396648407,-5.473327159881592,0.6900043487548828,0.0004807919031009078,0.0023233932442963123,0.02950259856879711,0.9995619654655457
1752710241.9485648,6,-0.6701061725616455,-5.337703704833984,0.7855871915817261,-0.023088913410902023,0.1639324575662613,-0.03942188248038292,0.985413134098053
1752710241.955116,10,-0.6044089794158936,-5.473318099975586,0.6900652050971985,0.00042454025242477655,0.0022393728140741587,0.029502227902412415,0.9995622038841248
1752710241.9553902,6,-0.6701061725616455,-5.337703704833984,0.7855871915817261,-0.023088913410902023,0.1639324575662613,-0.03942188248038292,0.985413134098053
1752710241.9650154,10,-0.6044251322746277,-5.473318099975586,0.6899986863136292,0.0005245262873359025,0.002308502560481429,0.029485611245036125,0.9995624423027039
1752710241.9653022,6,-0.6701061725616455,-5.337703704833984,0.7855871915817261,-0.023088913410902023,0.1639324575662613,-0.03942188248038292,0.985413134098053
1752710241.972709,10,-0.6044267416000366,-5.4733171463012695,0.6899859309196472,0.000535740633495152,0.002313988283276558,0.029490582644939423,0.9995623230934143
1752710241.9730268,6,-0.6701061725616455,-5.337703704833984,0.7855871915817261,-0.023088913410902023,0.1639324575662613,-0.03942188248038292,0.985413134098053
1752710241.9807353,10,-0.6044249534606934,-5.473312854766846,0.6899915933609009,0.0004972089664079249,0.0023440641816705465,0.029495730996131897,0.9995620846748352
1752710241.9810772,6,-0.6701061725616455,-5.337703704833984,0.7855871915817261,-0.023088913410902023,0.1639324575662613,-0.03942188248038292,0.985413134098053
1752710241.9892373,10,-0.6044183373451233,-5.47330379486084,0.690064549446106,0.00041910799336619675,0.0022330465726554394,0.029491111636161804,0.9995624423027039
1752710241.9898038,6,-0.6701061725616455,-5.337703704833984,0.7855871915817261,-0.023088913410902023,0.1639324575662613,-0.03942188248038292,0.985413134098053
1752710241.9967463,10,-0.6044130325317383,-5.4733123779296875,0.6900730133056641,0.00042165041668340564,0.0022137879859656096,0.0294897872954607,0.9995625615119934
1752710241.9969785,6,-0.6701061725616455,-5.337703704833984,0.7855871915817261,-0.023088913410902023,0.1639324575662613,-0.03942188248038292,0.985413134098053
1752710242.0044847,10,-0.6044273972511292,-5.473323345184326,0.6899935007095337,0.0005212886026129127,0.002318350598216057,0.029474671930074692,0.999562680721283
1752710242.0047321,6,-0.6701061725616455,-5.337703704833984,0.7855871915817261,-0.023088913410902023,0.1639324575662613,-0.03942188248038292,0.985413134098053
1752710242.0154977,10,-0.6044091582298279,-5.47332763671875,0.6900597214698792,0.0004273585800547153,0.002253022976219654,0.029488658532500267,0.9995625615119934
1752710242.015842,6,-0.6701061725616455,-5.337703704833984,0.7855871915817261,-0.023088913410902023,0.1639324575662613,-0.03942188248038292,0.985413134098053
1752710242.027,10,-0.6044094562530518,-5.473318576812744,0.6900749206542969,0.0003844970487989485,0.002243447583168745,0.029500652104616165,0.9995622038841248
1752710242.0273705,6,-0.6701061725616455,-5.337703704833984,0.7855871915817261,-0.023088913410902023,0.1639324575662613,-0.03942188248038292,0.985413134098053
1752710242.0317168,10,-0.6044081449508667,-5.473324775695801,0.6900504231452942,0.00042126886546611786,0.0022617813665419817,0.029487987980246544,0.9995625615119934
1752710242.031912,6,-0.6701061725616455,-5.337703704833984,0.7855871915817261,-0.023088913410902023,0.1639324575662613,-0.03942188248038292,0.985413134098053
1752710242.0378566,10,-0.6043953895568848,-5.473320484161377,0.6900631189346313,0.00042771041626110673,0.0022326752077788115,0.029497547075152397,0.9995623230934143
1752710242.0380983,6,-0.6701061725616455,-5.337703704833984,0.7855871915817261,-0.023088913410902023,0.1639324575662613,-0.03942188248038292,0.985413134098053
1752710242.0474958,10,-0.6043943762779236,-5.47331428527832,0.6900634169578552,0.0004183854616712779,0.0022592078894376755,0.02951199561357498,0.9995618462562561
1752710242.0477335,6,-0.6701061725616455,-5.337703704833984,0.7855871915817261,-0.023088913410902023,0.1639324575662613,-0.03942188248038292,0.985413134098053
1752710242.054288,10,-0.6043916940689087,-5.4733357429504395,0.69008469581604,0.00042515655513852835,0.0022571415174752474,0.02949938178062439,0.9995622038841248
1752710242.0546215,6,-0.6701061725616455,-5.337703704833984,0.7855871915817261,-0.023088913410902023,0.1639324575662613,-0.03942188248038292,0.985413134098053
1752710242.063531,10,-0.604409396648407,-5.473339557647705,0.6900439858436584,0.00047407473903149366,0.0022924270015209913,0.02946813963353634,0.9995630383491516
1752710242.063965,6,-0.6701061725616455,-5.337703704833984,0.7855871915817261,-0.023088913410902023,0.1639324575662613,-0.03942188248038292,0.985413134098053
1752710242.071612,10,-0.6043840646743774,-5.473343849182129,0.6901068091392517,0.0003885723708663136,0.002199633279815316,0.029480114579200745,0.9995629191398621
1752710242.0719442,6,-0.6701061725616455,-5.337703704833984,0.7855871915817261,-0.023088913410902023,0.1639324575662613,-0.03942188248038292,0.985413134098053
1752710242.0821152,10,-0.6043994426727295,-5.473335266113281,0.6900776028633118,0.00042640880565159023,0.002225718693807721,0.029490943998098373,0.9995625615119934
1752710242.0825684,6,-0.6701061725616455,-5.337703704833984,0.7855871915817261,-0.023088913410902023,0.1639324575662613,-0.03942188248038292,0.985413134098053
1752710242.0896513,10,-0.604422926902771,-5.473332405090332,0.6900108456611633,0.0004999900120310485,0.002312803640961647,0.02947899140417576,0.999562680721283
1752710242.0899825,6,-0.6701061725616455,-5.337703704833984,0.7855871915817261,-0.023088913410902023,0.1639324575662613,-0.03942188248038292,0.985413134098053
1752710242.0961354,10,-0.6044329404830933,-5.473336219787598,0.6900074481964111,0.00048101000720635056,0.0023332075215876102,0.029468923807144165,0.9995629191398621
1752710242.0964062,6,-0.6701061725616455,-5.337703704833984,0.7855871915817261,-0.023088913410902023,0.1639324575662613,-0.03942188248038292,0.985413134098053
1752710242.1047447,10,-0.6044239401817322,-5.473327159881592,0.689995288848877,0.0005177903221920133,0.0023454062175005674,0.029497534036636353,0.9995619654655457
1752710242.105007,6,-0.6701061725616455,-5.337703704833984,0.7855871915817261,-0.023088913410902023,0.1639324575662613,-0.03942188248038292,0.985413134098053
1752710242.1173484,10,-0.6044080257415771,-5.473324775695801,0.6900634169578552,0.00044058728963136673,0.002238539047539234,0.029507262632250786,0.9995619654655457
1752710242.11761,6,-0.6701061725616455,-5.337703704833984,0.7855871915817261,-0.023088913410902023,0.1639324575662613,-0.03942188248038292,0.985413134098053
1752710242.1220381,10,-0.604373574256897,-5.473264217376709,0.6899216175079346,0.0005903143901377916,0.0024440076667815447,0.029592884704470634,0.9995588660240173
1752710242.12232,6,-0.6701061725616455,-5.337703704833984,0.7855871915817261,-0.023088913410902023,0.1639324575662613,-0.03942188248038292,0.985413134098053
1752710242.1308582,10,-0.6044113636016846,-5.473297595977783,0.6899681687355042,0.0005245540523901582,0.0023798004258424044,0.02952641062438488,0.9995610117912292
1752710242.131222,6,-0.6701061725616455,-5.337703704833984,0.7855871915817261,-0.023088913410902023,0.1639324575662613,-0.03942188248038292,0.985413134098053
1752710242.1395998,10,-0.6043784618377686,-5.473306655883789,0.6899765133857727,0.0005070313927717507,0.0023771808482706547,0.029523562639951706,0.9995611310005188
1752710242.13993,6,-0.6701061725616455,-5.337703704833984,0.7855871915817261,-0.023088913410902023,0.1639324575662613,-0.03942188248038292,0.985413134098053
1752710242.145803,10,-0.6043736338615417,-5.4733662605285645,0.6900893449783325,0.00037491132388822734,0.0022197868674993515,0.02946583367884159,0.9995632767677307
1752710242.1460128,6,-0.6701061725616455,-5.337703704833984,0.7855871915817261,-0.023088913410902023,0.1639324575662613,-0.03942188248038292,0.985413134098053
1752710242.1554108,10,-0.6043969988822937,-5.473348140716553,0.6900495886802673,0.00043590928544290364,0.002230574144050479,0.029468929395079613,0.9995631575584412
1752710242.1556766,6,-0.6701061725616455,-5.337703704833984,0.7855871915817261,-0.023088913410902023,0.1639324575662613,-0.03942188248038292,0.985413134098053
1752710242.1670501,10,-0.6043859720230103,-5.473344326019287,0.6900486350059509,0.000446986872702837,0.002245032461360097,0.029482290148735046,0.999562680721283
1752710242.1673222,6,-0.6701061725616455,-5.337703704833984,0.7855871915817261,-0.023088913410902023,0.1639324575662613,-0.03942188248038292,0.985413134098053
1752710242.1711874,10,-0.6043773889541626,-5.473344326019287,0.6900812387466431,0.0004176337388344109,0.002175144851207733,0.029497986659407616,0.9995624423027039
1752710242.1713617,6,-0.6701061725616455,-5.337703704833984,0.7855871915817261,-0.023088913410902023,0.1639324575662613,-0.03942188248038292,0.985413134098053
1752710242.1819403,10,-0.6043596863746643,-5.473351955413818,0.690078854560852,0.00041764145134948194,0.0022057928144931793,0.029482576996088028,0.9995627999305725
1752710242.18229,6,-0.6701061725616455,-5.337703704833984,0.7855871915817261,-0.023088913410902023,0.1639324575662613,-0.03942188248038292,0.985413134098053
1752710242.1899896,10,-0.6043620109558105,-5.473352909088135,0.6900933980941772,0.0003891718224622309,0.002199260052293539,0.029485585168004036,0.9995627999305725
1752710242.190221,6,-0.6701061725616455,-5.337703704833984,0.7855871915817261,-0.023088913410902023,0.1639324575662613,-0.03942188248038292,0.985413134098053
1752710242.19594,10,-0.6043705940246582,-5.473352432250977,0.6900562644004822,0.00043559385812841356,0.00223911227658391,0.029494866728782654,0.9995623230934143
1752710242.1961665,6,-0.6701061725616455,-5.337703704833984,0.7855871915817261,-0.023088913410902023,0.1639324575662613,-0.03942188248038292,0.985413134098053
1752710242.2073371,10,-0.6043410897254944,-5.473344802856445,0.6900618076324463,0.00043132860446348786,0.002211684128269553,0.02950092777609825,0.9995622038841248
1752710242.2076683,6,-0.6701061725616455,-5.337703704833984,0.7855871915817261,-0.023088913410902023,0.1639324575662613,-0.03942188248038292,0.985413134098053
1752710242.2148404,10,-0.6043699979782104,-5.4733686447143555,0.690018355846405,0.0005004562553949654,0.0022539496421813965,0.029454445466399193,0.9995635151863098
1752710242.21509,6,-0.6701061725616455,-5.337703704833984,0.7855871915817261,-0.023088913410902023,0.1639324575662613,-0.03942188248038292,0.985413134098053
1752710242.224495,10,-0.6043824553489685,-5.473357200622559,0.6900711059570312,0.00042141435551457107,0.002202640287578106,0.02947554923593998,0.9995630383491516
1752710242.2247448,6,-0.6701061725616455,-5.337703704833984,0.7855871915817261,-0.023088913410902023,0.1639324575662613,-0.03942188248038292,0.985413134098053
1752710242.2306442,10,-0.6043791770935059,-5.4733500480651855,0.6900941729545593,0.0003970919642597437,0.002181808464229107,0.02949756383895874,0.9995624423027039
1752710242.231001,6,-0.6701061725616455,-5.337703704833984,0.7855871915817261,-0.023088913410902023,0.1639324575662613,-0.03942188248038292,0.985413134098053
1752710242.239017,10,-0.6043797135353088,-5.473348617553711,0.6900883316993713,0.0003991043195128441,0.0022022926714271307,0.029495680704712868,0.9995624423027039
1752710242.2393513,6,-0.6701061725616455,-5.337703704833984,0.7855871915817261,-0.023088913410902023,0.1639324575662613,-0.03942188248038292,0.985413134098053
1752710242.2478435,10,-0.6043773889541626,-5.473348617553711,0.6900681257247925,0.0004380712052807212,0.002212382620200515,0.02948598749935627,0.999562680721283
1752710242.2482011,6,-0.6701061725616455,-5.337703704833984,0.7855871915817261,-0.023088913410902023,0.1639324575662613,-0.03942188248038292,0.985413134098053
1752710242.2567053,10,-0.6043813824653625,-5.473358631134033,0.6900836825370789,0.00042075305827893317,0.0021758934017270803,0.029478900134563446,0.9995630383491516
1752710242.2569478,6,-0.6701061725616455,-5.337703704833984,0.7855871915817261,-0.023088913410902023,0.1639324575662613,-0.03942188248038292,0.985413134098053
1752710242.2647777,10,-0.6043686270713806,-5.4733686447143555,0.690060555934906,0.00045467016752809286,0.0022307569161057472,0.02947111800312996,0.9995630383491516
1752710242.2650833,6,-0.6701061725616455,-5.337703704833984,0.7855871915817261,-0.023088913410902023,0.1639324575662613,-0.03942188248038292,0.985413134098053
1752710242.2723625,10,-0.6043952107429504,-5.473367214202881,0.6900316476821899,0.0004890606505796313,0.0022469651885330677,0.029473263770341873,0.9995629191398621
1752710242.2728715,6,-0.6701061725616455,-5.337703704833984,0.7855871915817261,-0.023088913410902023,0.1639324575662613,-0.03942188248038292,0.985413134098053
1752710242.2782333,10,-0.6044034361839294,-5.473370552062988,0.6900309920310974,0.0004569629381876439,0.0022607853170484304,0.029458006843924522,0.9995633959770203
1752710242.2784612,6,-0.6701061725616455,-5.337703704833984,0.7855871915817261,-0.023088913410902023,0.1639324575662613,-0.03942188248038292,0.985413134098053
1752710242.2891042,10,-0.6043938398361206,-5.473371505737305,0.6900383830070496,0.00047346833162009716,0.0022565005347132683,0.029464654624462128,0.9995631575584412
1752710242.2893736,6,-0.6701061725616455,-5.337703704833984,0.7855871915817261,-0.023088913410902023,0.1639324575662613,-0.03942188248038292,0.985413134098053
1752710242.296796,10,-0.6043667793273926,-5.4733757972717285,0.690102756023407,0.0004124745901208371,0.0021732624154537916,0.029470201581716537,0.9995632767677307
1752710242.297108,6,-0.6701061725616455,-5.337703704833984,0.7855871915817261,-0.023088913410902023,0.1639324575662613,-0.03942188248038292,0.985413134098053
1752710242.3060422,10,-0.6043747663497925,-5.4733710289001465,0.690112292766571,0.0003791473573073745,0.002151481807231903,0.029469888657331467,0.9995632767677307
1752710242.3062894,6,-0.6701061725616455,-5.337703704833984,0.7855871915817261,-0.023088913410902023,0.1639324575662613,-0.03942188248038292,0.985413134098053
1752710242.3129606,10,-0.604385495185852,-5.473355293273926,0.6900932788848877,0.00040938964230008423,0.0021842492278665304,0.02947789989411831,0.9995630383491516
1752710242.313297,6,-0.6701061725616455,-5.337703704833984,0.7855871915817261,-0.023088913410902023,0.1639324575662613,-0.03942188248038292,0.985413134098053
1752710242.322274,10,-0.6043837070465088,-5.473350524902344,0.6900521516799927,0.0004525000404100865,0.002242657821625471,0.029493799433112144,0.9995623230934143
1752710242.3229692,6,-0.6701061725616455,-5.337703704833984,0.7855871915817261,-0.023088913410902023,0.1639324575662613,-0.03942188248038292,0.985413134098053
1752710242.3309767,10,-0.604407012462616,-5.473386287689209,0.6900631189346313,0.0003276658244431019,0.002410479821264744,0.02947899140417576,0.9995624423027039
1752710242.3313046,6,-0.6701061725616455,-5.337703704833984,0.7855871915817261,-0.023088913410902023,0.1639324575662613,-0.03942188248038292,0.985413134098053
1752710242.338687,10,-0.6043609976768494,-5.473391056060791,0.6900928616523743,0.0003464095061644912,0.002274770988151431,0.02953096106648445,0.9995612502098083
1752710242.3390217,6,-0.6701061725616455,-5.337703704833984,0.7855871915817261,-0.023088913410902023,0.1639324575662613,-0.03942188248038292,0.985413134098053
1752710242.3452845,10,-0.6043207049369812,-5.473357677459717,0.6900464296340942,0.0005174861289560795,0.0021016057580709457,0.029554076492786407,0.9995608925819397
1752710242.3455198,6,-0.6701061725616455,-5.337703704833984,0.7855871915817261,-0.023088913410902023,0.1639324575662613,-0.03942188248038292,0.985413134098053
1752710242.354769,10,-0.6043249368667603,-5.4733428955078125,0.6900527477264404,0.0005395608022809029,0.002047359710559249,0.029573114588856697,0.9995604157447815
1752710242.3550014,6,-0.6701061725616455,-5.337703704833984,0.7855871915817261,-0.023088913410902023,0.1639324575662613,-0.03942188248038292,0.985413134098053
1752710242.3624227,10,-0.6043365001678467,-5.473331928253174,0.6900330781936646,0.0006198711926117539,0.002035262295976281,0.02957015298306942,0.999560534954071
1752710242.3626575,6,-0.6701061725616455,-5.337703704833984,0.7855871915817261,-0.023088913410902023,0.1639324575662613,-0.03942188248038292,0.985413134098053
1752710242.371806,10,-0.6043351888656616,-5.473332405090332,0.6900171637535095,0.0006633775774389505,0.0020216680131852627,0.029523489996790886,0.9995618462562561
1752710242.3721752,6,-0.6701061725616455,-5.337703704833984,0.7855871915817261,-0.023088913410902023,0.1639324575662613,-0.03942188248038292,0.985413134098053
1752710242.3823493,10,-0.6043447852134705,-5.473336696624756,0.6899781227111816,0.0007132301689125597,0.0020622252486646175,0.029504483565688133,0.9995623230934143
1752710242.3827028,6,-0.6701061725616455,-5.337703704833984,0.7855871915817261,-0.023088913410902023,0.1639324575662613,-0.03942188248038292,0.985413134098053
1752710242.3883827,10,-0.6043357253074646,-5.473326683044434,0.6900233030319214,0.0006327441660687327,0.0020299304742366076,0.02953973412513733,0.9995613694190979
1752710242.3885932,6,-0.6701061725616455,-5.337703704833984,0.7855871915817261,-0.023088913410902023,0.1639324575662613,-0.03942188248038292,0.985413134098053
1752710242.4012556,10,-0.6043280363082886,-5.473330974578857,0.6900349259376526,0.0006474793772213161,0.0019939688500016928,0.029530629515647888,0.9995617270469666
1752710242.4016778,6,-0.6701061725616455,-5.337703704833984,0.7855871915817261,-0.023088913410902023,0.1639324575662613,-0.03942188248038292,0.985413134098053
1752710242.407155,10,-0.6043370962142944,-5.473333358764648,0.6900440454483032,0.0006270426092669368,0.0019715451635420322,0.029527604579925537,0.9995618462562561
1752710242.4073875,6,-0.6701061725616455,-5.337703704833984,0.7855871915817261,-0.023088913410902023,0.1639324575662613,-0.03942188248038292,0.985413134098053
1752710242.412949,10,-0.6043443083763123,-5.473321914672852,0.6900354027748108,0.000620652106590569,0.002011653035879135,0.029534758999943733,0.999561607837677
1752710242.4132864,6,-0.6701061725616455,-5.337703704833984,0.7855871915817261,-0.023088913410902023,0.1639324575662613,-0.03942188248038292,0.985413134098053
1752710242.4220567,10,-0.6043387651443481,-5.473321437835693,0.6900249123573303,0.0006567325908690691,0.0020228945650160313,0.029545601457357407,0.9995612502098083
1752710242.4223719,6,-0.6701061725616455,-5.337703704833984,0.7855871915817261,-0.023088913410902023,0.1639324575662613,-0.03942188248038292,0.985413134098053
1752710242.431741,10,-0.6043410897254944,-5.47332763671875,0.6900256276130676,0.0006439659046009183,0.0020034066401422024,0.02953462116420269,0.999561607837677
1752710242.4320652,6,-0.6701061725616455,-5.337703704833984,0.7855871915817261,-0.023088913410902023,0.1639324575662613,-0.03942188248038292,0.985413134098053
1752710242.4384212,10,-0.6043564081192017,-5.473345756530762,0.6899890303611755,0.0006897600833326578,0.0020760272163897753,0.029520530253648758,0.9995618462562561
1752710242.4387836,6,-0.6701061725616455,-5.337703704833984,0.7855871915817261,-0.023088913410902023,0.1639324575662613,-0.03942188248038292,0.985413134098053
1752710242.4496994,10,-0.6043412089347839,-5.4733428955078125,0.6900302767753601,0.0006561812479048967,0.0020349258556962013,0.029527224600315094,0.9995617270469666
1752710242.4499295,6,-0.6701061725616455,-5.337703704833984,0.7855871915817261,-0.023088913410902023,0.1639324575662613,-0.03942188248038292,0.985413134098053
1752710242.4540834,10,-0.6043225526809692,-5.473340034484863,0.690061628818512,0.0005897461087442935,0.0019833191763609648,0.029528096318244934,0.9995618462562561
1752710242.454293,6,-0.6701061725616455,-5.337703704833984,0.7855871915817261,-0.023088913410902023,0.1639324575662613,-0.03942188248038292,0.985413134098053
1752710242.4631052,10,-0.6043154001235962,-5.4733405113220215,0.6900518536567688,0.0005989670753479004,0.0020056101493537426,0.029530059546232224,0.9995617270469666
1752710242.463471,6,-0.6701061725616455,-5.337703704833984,0.7855871915817261,-0.023088913410902023,0.1639324575662613,-0.03942188248038292,0.985413134098053
1752710242.4728703,10,-0.6043394804000854,-5.473344326019287,0.6900607943534851,0.0006039818981662393,0.001980346627533436,0.02951623685657978,0.9995622038841248
1752710242.473146,6,-0.6701061725616455,-5.337703704833984,0.7855871915817261,-0.023088913410902023,0.1639324575662613,-0.03942188248038292,0.985413134098053
1752710242.4804618,10,-0.6043455600738525,-5.4733662605285645,0.690078854560852,0.0005717006279155612,0.001934932079166174,0.0294830109924078,0.9995632767677307
1752710242.4808512,6,-0.6701061725616455,-5.337703704833984,0.7855871915817261,-0.023088913410902023,0.1639324575662613,-0.03942188248038292,0.985413134098053
1752710242.4885998,10,-0.6043556928634644,-5.473381996154785,0.6900575757026672,0.0006082247709855437,0.0019683584105223417,0.029482314363121986,0.9995631575584412
1752710242.4889987,6,-0.6701061725616455,-5.337703704833984,0.7855871915817261,-0.023088913410902023,0.1639324575662613,-0.03942188248038292,0.985413134098053
1752710242.4991126,10,-0.6043437719345093,-5.4733781814575195,0.6900341510772705,0.0006326317670755088,0.0020247313659638166,0.02948186546564102,0.9995631575584412
1752710242.499374,6,-0.6701061725616455,-5.337703704833984,0.7855871915817261,-0.023088913410902023,0.1639324575662613,-0.03942188248038292,0.985413134098053
1752710242.505892,10,-0.6043326258659363,-5.473365783691406,0.689927875995636,0.0007503799279220402,0.0021637144964188337,0.029509205371141434,0.9995619654655457
1752710242.5061371,6,-0.6701061725616455,-5.337703704833984,0.7855871915817261,-0.023088913410902023,0.1639324575662613,-0.03942188248038292,0.985413134098053
1752710242.512218,10,-0.6043187379837036,-5.473361492156982,0.6898790597915649,0.0007948860293254256,0.0022110415156930685,0.029522936791181564,0.9995613694190979
1752710242.5124762,6,-0.6701061725616455,-5.337703704833984,0.7855871915817261,-0.023088913410902023,0.1639324575662613,-0.03942188248038292,0.985413134098053
1752710242.5224776,10,-0.6043348908424377,-5.473358154296875,0.68989098072052,0.0007734463433735073,0.0021837307140231133,0.02951766364276409,0.999561607837677
1752710242.522936,6,-0.6701061725616455,-5.337703704833984,0.7855871915817261,-0.023088913410902023,0.1639324575662613,-0.03942188248038292,0.985413134098053
1752710242.53019,10,-0.6043103933334351,-5.473358154296875,0.6899343132972717,0.0007336359703913331,0.0021643436048179865,0.0295497328042984,0.9995607733726501
1752710242.5304284,6,-0.6701061725616455,-5.337703704833984,0.7855871915817261,-0.023088913410902023,0.1639324575662613,-0.03942188248038292,0.985413134098053
1752710242.5383213,10,-0.604301929473877,-5.473355293273926,0.6899930238723755,0.0006511964602395892,0.0021065755281597376,0.029538314789533615,0.9995612502098083
1752710242.5386322,6,-0.6701061725616455,-5.337703704833984,0.7855871915817261,-0.023088913410902023,0.1639324575662613,-0.03942188248038292,0.985413134098053
1752710242.551347,10,-0.6043000817298889,-5.473349571228027,0.6899828314781189,0.0006560432375408709,0.0021142372861504555,0.02954248897731304,0.9995611310005188
1752710242.5515797,6,-0.6701061725616455,-5.337703704833984,0.7855871915817261,-0.023088913410902023,0.1639324575662613,-0.03942188248038292,0.985413134098053
1752710242.5554988,10,-0.604303240776062,-5.4733476638793945,0.6899816393852234,0.0006819118862040341,0.002090819412842393,0.02954462356865406,0.9995611310005188
1752710242.5556939,6,-0.6701061725616455,-5.337703704833984,0.7855871915817261,-0.023088913410902023,0.1639324575662613,-0.03942188248038292,0.985413134098053
1752710242.562752,10,-0.6043057441711426,-5.47335147857666,0.6899559497833252,0.0006957647274248302,0.002134347101673484,0.029548194259405136,0.9995608925819397
1752710242.5629926,6,-0.6701061725616455,-5.337703704833984,0.7855871915817261,-0.023088913410902023,0.1639324575662613,-0.03942188248038292,0.985413134098053
1752710242.5720105,10,-0.6043180227279663,-5.4733500480651855,0.6899616122245789,0.0006931427051313221,0.002103053731843829,0.029538888484239578,0.9995612502098083
1752710242.5724008,6,-0.6701061725616455,-5.337703704833984,0.7855871915817261,-0.023088913410902023,0.1639324575662613,-0.03942188248038292,0.985413134098053
1752710242.5811372,10,-0.6043197512626648,-5.473363399505615,0.6899651288986206,0.0006884341710247099,0.0020970692858099937,0.029531538486480713,0.9995614886283875
1752710242.5814893,6,-0.6701061725616455,-5.337703704833984,0.7855871915817261,-0.023088913410902023,0.1639324575662613,-0.03942188248038292,0.985413134098053
1752710242.5883484,10,-0.6043311953544617,-5.473362445831299,0.6899348497390747,0.0007306781481020153,0.0021423669531941414,0.029520006850361824,0.999561607837677
1752710242.5887983,6,-0.6701061725616455,-5.337703704833984,0.7855871915817261,-0.023088913410902023,0.1639324575662613,-0.03942188248038292,0.985413134098053
1752710242.5979774,10,-0.6043068170547485,-5.473361492156982,0.6899427771568298,0.0007229899638332427,0.0021347682923078537,0.029544906690716743,0.9995608925819397
1752710242.598332,6,-0.6701061725616455,-5.337703704833984,0.7855871915817261,-0.023088913410902023,0.1639324575662613,-0.03942188248038292,0.985413134098053
1752710242.6060119,10,-0.6043153405189514,-5.473365306854248,0.6899643540382385,0.0006901284796185791,0.0020657458808273077,0.029526470229029655,0.999561607837677
1752710242.6062841,6,-0.6701061725616455,-5.337703704833984,0.7855871915817261,-0.023088913410902023,0.1639324575662613,-0.03942188248038292,0.985413134098053
1752710242.612597,10,-0.6043081283569336,-5.473368167877197,0.6899568438529968,0.0007433444843627512,0.0020584494341164827,0.0295393168926239,0.9995612502098083
1752710242.612967,6,-0.6701061725616455,-5.337703704833984,0.7855871915817261,-0.023088913410902023,0.1639324575662613,-0.03942188248038292,0.985413134098053
1752710242.6216705,10,-0.6043142080307007,-5.473360538482666,0.6899538040161133,0.0007202408160082996,0.002114479662850499,0.029553856700658798,0.9995607733726501
1752710242.6220057,6,-0.6701061725616455,-5.337703704833984,0.7855871915817261,-0.023088913410902023,0.1639324575662613,-0.03942188248038292,0.985413134098053
1752710242.634818,10,-0.6043289303779602,-5.473374366760254,0.6899155378341675,0.0007637016824446619,0.002166464924812317,0.029523661360144615,0.9995614886283875
1752710242.635115,6,-0.6701061725616455,-5.337703704833984,0.7855871915817261,-0.023088913410902023,0.1639324575662613,-0.03942188248038292,0.985413134098053
1752710242.640473,10,-0.6043179035186768,-5.473358154296875,0.6899527311325073,0.0007016080198809505,0.0021120309829711914,0.029542507603764534,0.9995611310005188
1752710242.6406944,6,-0.6701061725616455,-5.337703704833984,0.7855871915817261,-0.023088913410902023,0.1639324575662613,-0.03942188248038292,0.985413134098053
1752710242.6471415,10,-0.6043140292167664,-5.473363876342773,0.6899622082710266,0.0007139567751437426,0.0020701882895082235,0.029537580907344818,0.9995612502098083
1752710242.6473894,6,-0.6701061725616455,-5.337703704833984,0.7855871915817261,-0.023088913410902023,0.1639324575662613,-0.03942188248038292,0.985413134098053
1752710242.6561913,10,-0.6043158769607544,-5.47336483001709,0.6899601221084595,0.0007045547245070338,0.0020730490796267986,0.029530778527259827,0.9995614886283875
1752710242.65654,6,-0.6701061725616455,-5.337703704833984,0.7855871915817261,-0.023088913410902023,0.1639324575662613,-0.03942188248038292,0.985413134098053
1752710242.6633832,10,-0.604316771030426,-5.47336483001709,0.6899772882461548,0.0007174554048106074,0.0020294953137636185,0.029526827856898308,0.9995617270469666
1752710242.6637235,6,-0.6701061725616455,-5.337703704833984,0.7855871915817261,-0.023088913410902023,0.1639324575662613,-0.03942188248038292,0.985413134098053
1752710242.670023,10,-0.6043175458908081,-5.4733567237854,0.6899584531784058,0.0007170306635089219,0.002058410318568349,0.02955430932343006,0.9995608925819397
1752710242.6703525,6,-0.6701061725616455,-5.337703704833984,0.7855871915817261,-0.023088913410902023,0.1639324575662613,-0.03942188248038292,0.985413134098053
1752710242.68302,10,-0.6043175458908081,-5.473347187042236,0.6899383664131165,0.0007327736238949001,0.0020848887506872416,0.02955828607082367,0.9995606541633606
1752710242.6832724,6,-0.6701061725616455,-5.337703704833984,0.7855871915817261,-0.023088913410902023,0.1639324575662613,-0.03942188248038292,0.985413134098053
1752710242.6913066,10,-0.6043132543563843,-5.473348140716553,0.6899533867835999,0.0007037267205305398,0.0020870843436568975,0.02957218326628208,0.9995602965354919
1752710242.6917608,6,-0.6701061725616455,-5.337703704833984,0.7855871915817261,-0.023088913410902023,0.1639324575662613,-0.03942188248038292,0.985413134098053
1752710242.69687,10,-0.6043116450309753,-5.473351955413818,0.6899468302726746,0.0007224641158245504,0.002113288501277566,0.02957013249397278,0.9995602965354919
1752710242.697217,6,-0.6701061725616455,-5.337703704833984,0.7855871915817261,-0.023088913410902023,0.1639324575662613,-0.03942188248038292,0.985413134098053
1752710242.7057805,10,-0.6043156385421753,-5.473353385925293,0.6899684071540833,0.0007068902486935258,0.002075609751045704,0.02955474518239498,0.9995607733726501
1752710242.706086,6,-0.6701061725616455,-5.337703704833984,0.7855871915817261,-0.023088913410902023,0.1639324575662613,-0.03942188248038292,0.985413134098053
1752710242.713012,10,-0.6043156385421753,-5.47335147857666,0.6899639964103699,0.0006920587038621306,0.0020691046956926584,0.029563231393694878,0.999560534954071
1752710242.713268,6,-0.6701061725616455,-5.337703704833984,0.7855871915817261,-0.023088913410902023,0.1639324575662613,-0.03942188248038292,0.985413134098053
1752710242.7207153,10,-0.6043146848678589,-5.473355293273926,0.689946174621582,0.0007068594568409026,0.0020984020084142685,0.02956129051744938,0.999560534954071
1752710242.7210934,6,-0.6701061725616455,-5.337703704833984,0.7855871915817261,-0.023088913410902023,0.1639324575662613,-0.03942188248038292,0.985413134098053
1752710242.7330756,10,-0.6043068766593933,-5.473359107971191,0.6899466514587402,0.0006951274699531496,0.0021080635488033295,0.029543746262788773,0.9995610117912292
1752710242.733351,6,-0.6701061725616455,-5.337703704833984,0.7855871915817261,-0.023088913410902023,0.1639324575662613,-0.03942188248038292,0.985413134098053
1752710242.739076,10,-0.6043136715888977,-5.473349094390869,0.6899507641792297,0.0007034444715827703,0.0020910960156470537,0.029549088329076767,0.9995608925819397
1752710242.7393506,6,-0.6701061725616455,-5.337703704833984,0.7855871915817261,-0.023088913410902023,0.1639324575662613,-0.03942188248038292,0.985413134098053
1752710242.746417,10,-0.604293942451477,-5.473377704620361,0.6899187564849854,0.000864111352711916,0.0022312672808766365,0.029657885432243347,0.9995573163032532
1752710242.7467346,6,-0.6701061725616455,-5.337703704833984,0.7855871915817261,-0.023088913410902023,0.1639324575662613,-0.03942188248038292,0.985413134098053
1752710242.7546828,10,-0.6042971014976501,-5.473355770111084,0.6899864077568054,0.0005963972653262317,0.0019593231845647097,0.029541803523898125,0.9995614886283875
1752710242.7549336,6,-0.6701061725616455,-5.337703704833984,0.7855871915817261,-0.023088913410902023,0.1639324575662613,-0.03942188248038292,0.985413134098053
1752710242.7618375,10,-0.604296088218689,-5.473356246948242,0.6900086402893066,0.0005062248092144728,0.0018696594052016735,0.02949034981429577,0.9995632767677307
1752710242.762234,6,-0.6701061725616455,-5.337703704833984,0.7855871915817261,-0.023088913410902023,0.1639324575662613,-0.03942188248038292,0.985413134098053
1752710242.7716444,10,-0.6042953133583069,-5.473357677459717,0.69001305103302,0.0004930395516566932,0.0018764472333714366,0.02949647605419159,0.9995630383491516
1752710242.7719917,6,-0.6701061725616455,-5.337703704833984,0.7855871915817261,-0.023088913410902023,0.1639324575662613,-0.03942188248038292,0.985413134098053
1752710242.7830117,10,-0.6043106913566589,-5.4734368324279785,0.6899386644363403,0.0005496038356795907,0.002029645023867488,0.029373813420534134,0.999566376209259
1752710242.7832868,6,-0.6701061725616455,-5.337703704833984,0.7855871915817261,-0.023088913410902023,0.1639324575662613,-0.03942188248038292,0.985413134098053
1752710242.7890472,10,-0.6042861938476562,-5.473401069641113,0.6899474263191223,0.0003840037970803678,0.002069796435534954,0.029396379366517067,0.9995656609535217
1752710242.7894056,6,-0.6701061725616455,-5.337703704833984,0.7855871915817261,-0.023088913410902023,0.1639324575662613,-0.03942188248038292,0.985413134098053
1752710242.7983751,10,-0.6042724251747131,-5.473392486572266,0.689930260181427,0.0003370617050677538,0.002130289562046528,0.02941918559372425,0.9995648264884949
1752710242.7986898,6,-0.6701061725616455,-5.337703704833984,0.7855871915817261,-0.023088913410902023,0.1639324575662613,-0.03942188248038292,0.985413134098053
1752710242.8048198,10,-0.6042598485946655,-5.4733781814575195,0.6899338364601135,0.0003040913725271821,0.00215109228156507,0.029444821178913116,0.9995641112327576
1752710242.8051403,6,-0.6701061725616455,-5.337703704833984,0.7855871915817261,-0.023088913410902023,0.1639324575662613,-0.03942188248038292,0.985413134098053
1752710242.8124468,10,-0.6042841672897339,-5.473382472991943,0.689906656742096,0.000334475829731673,0.002197383437305689,0.029419301077723503,0.9995647072792053
1752710242.8126795,6,-0.6701061725616455,-5.337703704833984,0.7855871915817261,-0.023088913410902023,0.1639324575662613,-0.03942188248038292,0.985413134098053
1752710242.8227801,10,-0.6042621731758118,-5.473371982574463,0.6899087429046631,0.0003183311491739005,0.002206828212365508,0.029444878920912743,0.999563992023468
1752710242.823013,6,-0.6701061725616455,-5.337703704833984,0.7855871915817261,-0.023088913410902023,0.1639324575662613,-0.03942188248038292,0.985413134098053
1752710242.8363159,10,-0.6042765974998474,-5.47337532043457,0.6899608969688416,0.0002571805671323091,0.002129347762092948,0.02942631021142006,0.9995647072792053
1752710242.8365884,6,-0.6701061725616455,-5.337703704833984,0.7855871915817261,-0.023088913410902023,0.1639324575662613,-0.03942188248038292,0.985413134098053
1752710242.8405275,10,-0.604300320148468,-5.4733805656433105,0.6899192333221436,0.0003227042325306684,0.002164366887882352,0.02941618300974369,0.9995649456977844
1752710242.8407068,6,-0.6701061725616455,-5.337703704833984,0.7855871915817261,-0.023088913410902023,0.1639324575662613,-0.03942188248038292,0.985413134098053
1752710242.847728,10,-0.6042798161506653,-5.4733686447143555,0.6899296641349792,0.00031029985984787345,0.0021546930074691772,0.029429618269205093,0.9995644688606262
1752710242.8480098,6,-0.6701061725616455,-5.337703704833984,0.7855871915817261,-0.023088913410902023,0.1639324575662613,-0.03942188248038292,0.985413134098053
1752710242.8559601,10,-0.6042776107788086,-5.473372936248779,0.6899546980857849,0.00027687367401085794,0.0021326972637325525,0.029437659308314323,0.9995643496513367
1752710242.8562725,6,-0.6701061725616455,-5.337703704833984,0.7855871915817261,-0.023088913410902023,0.1639324575662613,-0.03942188248038292,0.985413134098053
1752710242.862692,10,-0.6042641401290894,-5.473376750946045,0.6899564266204834,0.00030369244632311165,0.0021174277644604445,0.02944759465754032,0.9995641112327576
1752710242.8630028,6,-0.6701061725616455,-5.337703704833984,0.7855871915817261,-0.023088913410902023,0.1639324575662613,-0.03942188248038292,0.985413134098053
1752710242.8738558,10,-0.6042752265930176,-5.473371982574463,0.6899664998054504,0.00028908264357596636,0.0021053038071841,0.029441243037581444,0.9995642304420471
1752710242.8741047,6,-0.6701061725616455,-5.337703704833984,0.7855871915817261,-0.023088913410902023,0.1639324575662613,-0.03942188248038292,0.985413134098053
1752710242.8815305,10,-0.604280948638916,-5.473373889923096,0.6899558305740356,0.00029627318144775927,0.0021066574845463037,0.02944745309650898,0.9995641112327576
1752710242.8820798,6,-0.6701061725616455,-5.337703704833984,0.7855871915817261,-0.023088913410902023,0.1639324575662613,-0.03942188248038292,0.985413134098053
1752710242.8941553,10,-0.6042666435241699,-5.473376750946045,0.6899414658546448,0.0003472069511190057,0.002108040265738964,0.029449133202433586,0.999563992023468
1752710242.8944821,6,-0.6701061725616455,-5.337703704833984,0.7855871915817261,-0.023088913410902023,0.1639324575662613,-0.03942188248038292,0.985413134098053
1752710242.9009364,10,-0.6042509078979492,-5.473384857177734,0.6899538040161133,0.0003458558057900518,0.0020808016415685415,0.0294401403516531,0.9995643496513367
1752710242.901306,6,-0.6701061725616455,-5.337703704833984,0.7855871915817261,-0.023088913410902023,0.1639324575662613,-0.03942188248038292,0.985413134098053
1752710242.905361,10,-0.6042584180831909,-5.473381519317627,0.6899511218070984,0.0003226149710826576,0.0020986711606383324,0.029434386640787125,0.9995644688606262
1752710242.9055424,6,-0.6701061725616455,-5.337703704833984,0.7855871915817261,-0.023088913410902023,0.1639324575662613,-0.03942188248038292,0.985413134098053
1752710242.9126403,10,-0.604270339012146,-5.473380088806152,0.6899442672729492,0.00032314524287357926,0.002110878936946392,0.029447173699736595,0.9995641112327576
1752710242.9129436,6,-0.6701061725616455,-5.337703704833984,0.7855871915817261,-0.023088913410902023,0.1639324575662613,-0.03942188248038292,0.985413134098053
1752710242.92214,10,-0.6042587757110596,-5.473387241363525,0.6899321675300598,0.0003415854007471353,0.0021308590658009052,0.029439881443977356,0.9995642304420471
1752710242.9223893,6,-0.6701061725616455,-5.337703704833984,0.7855871915817261,-0.023088913410902023,0.1639324575662613,-0.03942188248038292,0.985413134098053
1752710242.9338374,10,-0.6042661666870117,-5.473379135131836,0.6899695992469788,0.0002694210852496326,0.002072609029710293,0.02943301759660244,0.9995645880699158
1752710242.9341035,6,-0.6701061725616455,-5.337703704833984,0.7855871915817261,-0.023088913410902023,0.1639324575662613,-0.03942188248038292,0.985413134098053
1752710242.9393177,10,-0.6042612195014954,-5.473394870758057,0.6899625062942505,0.0002872334443964064,0.0021034847013652325,0.0294233039021492,0.9995648264884949
1752710242.9396067,6,-0.6701061725616455,-5.337703704833984,0.7855871915817261,-0.023088913410902023,0.1639324575662613,-0.03942188248038292,0.985413134098053
1752710242.9460433,10,-0.6042497754096985,-5.473385334014893,0.6899477243423462,0.0003232752496842295,0.0020852007437497377,0.029429232701659203,0.9995647072792053
1752710242.946327,6,-0.6701061725616455,-5.337703704833984,0.7855871915817261,-0.023088913410902023,0.1639324575662613,-0.03942188248038292,0.985413134098053
1752710242.9562347,10,-0.6042495965957642,-5.47339391708374,0.6899608373641968,0.00034799150307662785,0.0020651372615247965,0.029425837099552155,0.9995648264884949
1752710242.956745,6,-0.6701061725616455,-5.337703704833984,0.7855871915817261,-0.023088913410902023,0.1639324575662613,-0.03942188248038292,0.985413134098053
1752710242.9666,10,-0.6042494773864746,-5.473386764526367,0.6899608373641968,0.00032454036409035325,0.0020766558591276407,0.029417430981993675,0.999565064907074
1752710242.9669611,6,-0.6701061725616455,-5.337703704833984,0.7855871915817261,-0.023088913410902023,0.1639324575662613,-0.03942188248038292,0.985413134098053
1752710242.9724085,10,-0.6042419672012329,-5.473382949829102,0.689950704574585,0.00034621127997525036,0.0020922974217683077,0.029416905716061592,0.999565064907074
1752710242.9726238,6,-0.6701061725616455,-5.337703704833984,0.7855871915817261,-0.023088913410902023,0.1639324575662613,-0.03942188248038292,0.985413134098053
1752710242.9857042,10,-0.6042455434799194,-5.473390579223633,0.6899797320365906,0.0003194931778125465,0.002075653290376067,0.029423339292407036,0.9995648264884949
1752710242.9860623,6,-0.6701061725616455,-5.337703704833984,0.7855871915817261,-0.023088913410902023,0.1639324575662613,-0.03942188248038292,0.985413134098053
1752710242.9917982,10,-0.6042464971542358,-5.473387241363525,0.6899653077125549,0.00033342698588967323,0.002058945596218109,0.029425593093037605,0.9995648264884949
1752710242.992065,6,-0.6701061725616455,-5.337703704833984,0.7855871915817261,-0.023088913410902023,0.1639324575662613,-0.03942188248038292,0.985413134098053
1752710242.9975715,10,-0.6042495965957642,-5.473376750946045,0.6899572014808655,0.00035377510357648134,0.002058971906080842,0.029437754303216934,0.9995644688606262
1752710242.9978194,6,-0.6701061725616455,-5.337703704833984,0.7855871915817261,-0.023088913410902023,0.1639324575662613,-0.03942188248038292,0.985413134098053
1752710243.005318,10,-0.604263424873352,-5.473373889923096,0.689961314201355,0.0003082828188780695,0.002085744868963957,0.029436348006129265,0.9995644688606262
1752710243.0057952,6,-0.6701061725616455,-5.337703704833984,0.7855871915817261,-0.023088913410902023,0.1639324575662613,-0.03942188248038292,0.985413134098053
1752710243.014688,10,-0.6042632460594177,-5.473377704620361,0.6899500489234924,0.0003172020078636706,0.002102284925058484,0.029446246102452278,0.9995641112327576
1752710243.0150087,6,-0.6701061725616455,-5.337703704833984,0.7855871915817261,-0.023088913410902023,0.1639324575662613,-0.03942188248038292,0.985413134098053
1752710243.0232277,10,-0.6042650938034058,-5.47337532043457,0.6899521946907043,0.0003191119176335633,0.0021006313618272543,0.029456811025738716,0.9995638728141785
1752710243.0235012,6,-0.6701061725616455,-5.337703704833984,0.7855871915817261,-0.023088913410902023,0.1639324575662613,-0.03942188248038292,0.985413134098053
1752710243.0329523,10,-0.6042590141296387,-5.473388195037842,0.6899445056915283,0.0003274770569987595,0.0021133064292371273,0.02942468598484993,0.9995647072792053
1752710243.0334907,6,-0.6701061725616455,-5.337703704833984,0.7855871915817261,-0.023088913410902023,0.1639324575662613,-0.03942188248038292,0.985413134098053
1752710243.0433996,10,-0.6042666435241699,-5.473379135131836,0.6899356245994568,0.00032888277200981975,0.002130894921720028,0.029441755264997482,0.9995642304420471
1752710243.0438123,6,-0.6701061725616455,-5.337703704833984,0.7855871915817261,-0.023088913410902023,0.1639324575662613,-0.03942188248038292,0.985413134098053
1752710243.051573,10,-0.6042808890342712,-5.473398208618164,0.689893364906311,0.0003724649141076952,0.0021717448253184557,0.029401186853647232,0.9995653033256531
1752710243.0519404,6,-0.6701061725616455,-5.337703704833984,0.7855871915817261,-0.023088913410902023,0.1639324575662613,-0.03942188248038292,0.985413134098053
1752710243.056946,10,-0.6042873859405518,-5.473385334014893,0.6898944973945618,0.00037794775562360883,0.0021665834356099367,0.029412809759378433,0.9995649456977844
1752710243.0571308,6,-0.6701061725616455,-5.337703704833984,0.7855871915817261,-0.023088913410902023,0.1639324575662613,-0.03942188248038292,0.985413134098053
1752710243.0654228,10,-0.6042595505714417,-5.473377227783203,0.6899526119232178,0.0003130326222162694,0.0021015589591115713,0.029435208067297935,0.9995644688606262
1752710243.0656884,6,-0.6701061725616455,-5.337703704833984,0.7855871915817261,-0.023088913410902023,0.1639324575662613,-0.03942188248038292,0.985413134098053
1752710243.0736847,10,-0.6042581796646118,-5.473376274108887,0.689939558506012,0.00032975131762214005,0.002114146715030074,0.029434368014335632,0.9995644688606262
1752710243.0742,6,-0.6701061725616455,-5.337703704833984,0.7855871915817261,-0.023088913410902023,0.1639324575662613,-0.03942188248038292,0.985413134098053
1752710243.0830965,10,-0.604261040687561,-5.473387718200684,0.6899608373641968,0.00029743334744125605,0.0020967377349734306,0.029428986832499504,0.9995647072792053
1752710243.0836663,6,-0.6701061725616455,-5.337703704833984,0.7855871915817261,-0.023088913410902023,0.1639324575662613,-0.03942188248038292,0.985413134098053
1752710243.09175,10,-0.6042603850364685,-5.473379135131836,0.6899375915527344,0.00033512632944621146,0.002118706703186035,0.029446767643094063,0.9995641112327576
1752710243.0919902,6,-0.6701061725616455,-5.337703704833984,0.7855871915817261,-0.023088913410902023,0.1639324575662613,-0.03942188248038292,0.985413134098053
1752710243.098855,10,-0.6042650938034058,-5.473377227783203,0.6899516582489014,0.00031045888317748904,0.002105710795149207,0.029436346143484116,0.9995644688606262
1752710243.0991855,6,-0.6701061725616455,-5.337703704833984,0.7855871915817261,-0.023088913410902023,0.1639324575662613,-0.03942188248038292,0.985413134098053
